-- MySQL dump 10.13  Distrib 5.5.41, for debian-linux-gnu (x86_64)
--
-- Host: localhost    Database: colegio_la_familia
-- ------------------------------------------------------
-- Server version	5.5.41-0ubuntu0.14.04.1

/*!40101 SET @OLD_CHARACTER_SET_CLIENT=@@CHARACTER_SET_CLIENT */;
/*!40101 SET @OLD_CHARACTER_SET_RESULTS=@@CHARACTER_SET_RESULTS */;
/*!40101 SET @OLD_COLLATION_CONNECTION=@@COLLATION_CONNECTION */;
/*!40101 SET NAMES utf8 */;
/*!40103 SET @OLD_TIME_ZONE=@@TIME_ZONE */;
/*!40103 SET TIME_ZONE='+00:00' */;
/*!40014 SET @OLD_UNIQUE_CHECKS=@@UNIQUE_CHECKS, UNIQUE_CHECKS=0 */;
/*!40014 SET @OLD_FOREIGN_KEY_CHECKS=@@FOREIGN_KEY_CHECKS, FOREIGN_KEY_CHECKS=0 */;
/*!40101 SET @OLD_SQL_MODE=@@SQL_MODE, SQL_MODE='NO_AUTO_VALUE_ON_ZERO' */;
/*!40111 SET @OLD_SQL_NOTES=@@SQL_NOTES, SQL_NOTES=0 */;

--
-- Table structure for table `Anio`
--

DROP TABLE IF EXISTS `Anio`;
/*!40101 SET @saved_cs_client     = @@character_set_client */;
/*!40101 SET character_set_client = utf8 */;
CREATE TABLE `Anio` (
  `idanio` int(11) NOT NULL AUTO_INCREMENT,
  `nombreanio` varchar(4) DEFAULT NULL,
  PRIMARY KEY (`idanio`)
) ENGINE=InnoDB AUTO_INCREMENT=3 DEFAULT CHARSET=utf8;
/*!40101 SET character_set_client = @saved_cs_client */;

--
-- Dumping data for table `Anio`
--

LOCK TABLES `Anio` WRITE;
/*!40000 ALTER TABLE `Anio` DISABLE KEYS */;
INSERT INTO `Anio` VALUES (1,'2015'),(2,'2016');
/*!40000 ALTER TABLE `Anio` ENABLE KEYS */;
UNLOCK TABLES;

--
-- Table structure for table `Docentes`
--

DROP TABLE IF EXISTS `Docentes`;
/*!40101 SET @saved_cs_client     = @@character_set_client */;
/*!40101 SET character_set_client = utf8 */;
CREATE TABLE `Docentes` (
  `idDocente` int(11) NOT NULL AUTO_INCREMENT,
  `paswordDocente` varchar(45) DEFAULT NULL,
  `nombresDocente` varchar(45) DEFAULT NULL,
  `apellidosDocente` varchar(45) DEFAULT NULL,
  `telefonoDocente` varchar(8) DEFAULT NULL,
  `direccionDocente` varchar(45) DEFAULT NULL,
  PRIMARY KEY (`idDocente`)
) ENGINE=InnoDB AUTO_INCREMENT=117 DEFAULT CHARSET=utf8;
/*!40101 SET character_set_client = @saved_cs_client */;

--
-- Dumping data for table `Docentes`
--

LOCK TABLES `Docentes` WRITE;
/*!40000 ALTER TABLE `Docentes` DISABLE KEYS */;
INSERT INTO `Docentes` VALUES (1,'1234','Carlos Caal','Lopez Caal','45874521','Zona 1'),(2,'cglc2015','Carlos L Caal',NULL,NULL,NULL),(49,'migm2015','María Irene Galindo Mazariegos',NULL,NULL,NULL),(50,'vatg2015','Valeria Angelina Tzul García',NULL,NULL,NULL),(53,'jgtc2015','Juan Gerardo Tzaquitzal Castro',NULL,NULL,NULL),(54,'jgtt2015','Juan Gilberto Tzic Tzic',NULL,NULL,NULL),(55,'mata2015','Miguel Angel Tacam Ambrosio',NULL,NULL,NULL),(56,'jaac2015','Julián Adonías Alvarez Choxom',NULL,NULL,NULL),(57,'nial2015','Nicolás Ignacio Ajucum López',NULL,NULL,NULL),(58,'aatt2015','Angélica Antonieta Tzul Tohom',NULL,NULL,NULL),(59,'sdnr2015','Socorro Dominga Norato Rosales',NULL,NULL,NULL),(60,'vagj2015','Víctor Alfonso García Juárez',NULL,NULL,NULL),(61,'hrgc2015','Haroldo Ricardo Guzmán Castillo',NULL,NULL,NULL),(62,'lcps2015','Luisa Carolina Pu Sacbajá',NULL,NULL,NULL),(85,'csca2015','Carlos Sebastián Chuc Ajpop',NULL,NULL,NULL),(86,'ritb2015','Reyes Isaías Tohom Batz',NULL,NULL,NULL),(87,'mctg2015','Mary Consuelo Tax García',NULL,NULL,NULL),(88,'rwgm2015','Rudy Welmer Godínez Mazariegos',NULL,NULL,NULL),(89,'jacs2015','Josué Abel Cifuentes Subuyuc',NULL,NULL,NULL),(90,'hgyt2015','Héctor Gabino Yax Tax',NULL,NULL,NULL),(91,'sibl2015','Saida Ivonne Benítez de León',NULL,NULL,NULL),(92,'brrr2015','Byron Rubén Robles Robles',NULL,NULL,NULL),(93,'oggm2015','Ornán Gamaliel Godínez Mazariegos',NULL,NULL,NULL),(94,'meam2015','Marina Esther Alcántara Miró',NULL,NULL,NULL),(95,'laxg2015','Lidia Azucena Xuruc Guarán',NULL,NULL,NULL),(96,'kllm2015','Karla Lucía López Méndez',NULL,NULL,NULL),(97,'taipv2015','Toribia Angélica Ixchel Pelicó Vicente',NULL,NULL,NULL),(98,'salm2015','Súsan Alejandra López Méndez',NULL,NULL,NULL),(99,'metb2015','María Elena Tzunun Barreno',NULL,NULL,NULL),(100,'dmmp2015','Dalia Magalí Mulul Pacheco',NULL,NULL,NULL),(101,'cfcm2015','Cristian Fermín Chaclán Morales',NULL,NULL,NULL),(102,'iips2015','Iliana Iveliz Paz Santizo',NULL,NULL,NULL),(103,'mett2015','Marleny Elizabeth Tzul Tohom',NULL,NULL,NULL),(104,'lcpe2015','Laura Celete Paz Enríquez',NULL,NULL,NULL),(105,'empe215','Estela Marina Paz Enríquez',NULL,NULL,NULL),(106,'hijl2015','Helen Indira Jerez Lemus',NULL,NULL,NULL),(107,'gfre2015','German Francisco Rodríguez Enríquez',NULL,NULL,NULL),(108,'jctt2015','Juan Carlos Tacam Tzoc',NULL,NULL,NULL),(109,'jmcp2016','Juan Miguel Cuá Pacheco',NULL,NULL,NULL),(110,'semb2016','Sergio Estuardo Menchú Batz',NULL,NULL,NULL),(111,'lnth2016','Liliana Noemí Tzunún Hernández',NULL,NULL,NULL),(112,'apgt2016','Angélica Patricia García Tzoc',NULL,NULL,NULL),(113,'yria','Yocsan Raymundo Ixcaquic Aguilar',NULL,NULL,NULL),(114,'aam2016','Agustin Alejandro Méndez',NULL,NULL,NULL),(115,'ai2016','Alejandra Ixchiú',NULL,NULL,NULL),(116,'lp2016','Libni Puac',NULL,NULL,NULL);
/*!40000 ALTER TABLE `Docentes` ENABLE KEYS */;
UNLOCK TABLES;

--
-- Table structure for table `Estudiantes`
--

DROP TABLE IF EXISTS `Estudiantes`;
/*!40101 SET @saved_cs_client     = @@character_set_client */;
/*!40101 SET character_set_client = utf8 */;
CREATE TABLE `Estudiantes` (
  `idEstudiante` int(11) NOT NULL AUTO_INCREMENT,
  `paswordEstudiante` varchar(45) DEFAULT NULL,
  `nombresEstudiante` varchar(45) DEFAULT NULL,
  `apellidosEstudiante` varchar(45) DEFAULT NULL,
  `telefonoEstudiante` varchar(8) DEFAULT NULL,
  `direccionEstudiante` varchar(45) DEFAULT NULL,
  `Grados_idGrado` int(11) NOT NULL,
  PRIMARY KEY (`idEstudiante`),
  KEY `fk_Estudiantes_Grados1_idx` (`Grados_idGrado`),
  CONSTRAINT `fk_Estudiantes_Grados1` FOREIGN KEY (`Grados_idGrado`) REFERENCES `Grados` (`idGrado`) ON DELETE NO ACTION ON UPDATE NO ACTION
) ENGINE=InnoDB AUTO_INCREMENT=1196 DEFAULT CHARSET=utf8;
/*!40101 SET character_set_client = @saved_cs_client */;

--
-- Dumping data for table `Estudiantes`
--

LOCK TABLES `Estudiantes` WRITE;
/*!40000 ALTER TABLE `Estudiantes` DISABLE KEYS */;
INSERT INTO `Estudiantes` VALUES (1,'12345','Miguelito','Menchu Xoyon','57200828','Zona 1 Totonicapan',1),(48,'210135','Alvarez Rosales, Anthony Alexander',NULL,NULL,NULL,21),(49,'210129','Barreno Batz, Jessica Yasmín',NULL,NULL,NULL,21),(50,'210133','Casiá Tzic, Edgar Samuel Enríque',NULL,NULL,NULL,21),(51,'210136','Cutz de León, Alessandra Montserrat',NULL,NULL,NULL,21),(52,'210123','Díaz Tzul, Angel Jumel',NULL,NULL,NULL,21),(53,'210127','Guzmán Reyes, María Regina',NULL,NULL,NULL,21),(54,'210132','Menchú Tzul, Angélica Elizabeth',NULL,NULL,NULL,21),(55,'210131','Norato Socop, Walter Francisco',NULL,NULL,NULL,21),(56,'210128','Soch Soch, Emerson Rodrigo',NULL,NULL,NULL,21),(58,'200135','Canastuj Vicente, Fernando Emanuel',NULL,NULL,NULL,20),(59,'200129','González Gómez, Arely Jimena',NULL,NULL,NULL,20),(61,'G657XHZ','Ajpacajá García, Jefferson Edenilson',NULL,NULL,NULL,22),(62,'G086YQT','Amado Palacios, Rodolfo Javier',NULL,NULL,NULL,22),(63,'F762VCN','Amézquita Gamez, Frida Gabriela',NULL,NULL,NULL,22),(64,'F673GYI','Chaclán Tistoj, Joshua Francisco Antonio',NULL,NULL,NULL,22),(65,'220132','González Chacaj, Fernanda Belén',NULL,NULL,NULL,22),(66,'220133','González Chacaj, Josúe Fernando',NULL,NULL,NULL,22),(67,'F999ACN','Guinea Flores, Christopher Alexander',NULL,NULL,NULL,22),(68,'F463JLV','López Guinea, Marcos Josúe',NULL,NULL,NULL,22),(69,'220131','López Tíu, Natalia María Kenek',NULL,NULL,NULL,22),(70,'220134','Orozco Orozco, Adrean Ezequiel',NULL,NULL,NULL,22),(71,'G832CEZ','Soch Chuc, Pablo Eduardo',NULL,NULL,NULL,22),(72,'220130','Tacam González, Melanie Anelí',NULL,NULL,NULL,22),(73,'220135','Tzoc Cansatuj, Luisa Fernanda',NULL,NULL,NULL,22),(74,'G675ZLF','Velásquez Cano, Sara Ester',NULL,NULL,NULL,22),(75,'G638LDL','Velásquez Menchú, Brayan Daniel',NULL,NULL,NULL,22),(77,'F748AJU','Ajpacajá Tacam, Brayan Josué',NULL,NULL,NULL,23),(78,'G387AJV','Ajpop Par, Steysi Saraí',NULL,NULL,NULL,23),(79,'E040LZK','Arango Batz, Alejandra María Belen',NULL,NULL,NULL,23),(80,'F333AVK','Archila Méndez, Abner Francisco Jonatan',NULL,NULL,NULL,23),(81,'G093KER','Batz García, Angie Gabriela',NULL,NULL,NULL,23),(82,'G180YZG','Caniz Choxom, Cruz Belinda',NULL,NULL,NULL,23),(83,'F983UIA','Cotero Jerez, Caitlin Marlene',NULL,NULL,NULL,23),(84,'F529ICK','Cuá Aguilar, Sheila Mishel',NULL,NULL,NULL,23),(85,'F093ASN','Chuc Chamorro, Melany Lucía',NULL,NULL,NULL,23),(86,'G077KAC','De León Caníz, Jairo Bryan Alexander',NULL,NULL,NULL,23),(87,'D059SBI','Franco López, José Angel Andree',NULL,NULL,NULL,23),(88,'E646PGH','Guzmán Reyes, Cecilia Ivanova',NULL,NULL,NULL,23),(89,'F148SUD','Hernández Poncio, Cristian Roberto',NULL,NULL,NULL,23),(90,'E928RMP','Juárez Amézquita, Camila Izel',NULL,NULL,NULL,23),(91,'D647IJH','Méndez Xiloj, Joseph Enrique',NULL,NULL,NULL,23),(92,'F648UXA','Rosales Pérez, Abner Omar',NULL,NULL,NULL,23),(93,'F867VJA','Santisteban Laylle, María Alejandra',NULL,NULL,NULL,23),(94,'G862GPW','Tax García, Lisbeth Viviana',NULL,NULL,NULL,23),(95,'F188UEG','Tohom Matzir, Alba Yuliana',NULL,NULL,NULL,23),(96,'F846FPL','Tzic Alvarez, Andy Héctor Josué',NULL,NULL,NULL,23),(97,'F041KGC','Yax Tzoc, Eddy Lisandro Adalberto',NULL,NULL,NULL,23),(98,'F076LXX','Zapeta Poncio, Cristopher Julio Roberto',NULL,NULL,NULL,23),(100,'C321NGR','Ajucum Gutiérrez, Nehemías José Eliseo',NULL,NULL,NULL,24),(101,'E973QBX','Belmonte Méndez, Karla María de los Angeles',NULL,NULL,NULL,24),(102,'CE526BWI','Benavente Barreno, Oscar Alejandro',NULL,NULL,NULL,24),(103,'F130QWF','Caxaj Choxom, Josué Alexander',NULL,NULL,NULL,24),(104,'E354ZQV','Citán Puác, Isaí Joshua Mahanaim',NULL,NULL,NULL,24),(105,'G856RLH','Chuc Velásquez, Estefany Yudith',NULL,NULL,NULL,24),(106,'E899DXY','García García, Sara Leticia',NULL,NULL,NULL,24),(107,'G586CFP','García Tzul, Miguel Julián',NULL,NULL,NULL,24),(108,'F437IVU','González Ixcamparij, Evelyn Gabriela',NULL,NULL,NULL,24),(109,'G271IZU','González Ovalle, Cristhian Miguel',NULL,NULL,NULL,24),(110,'F657BRV','Guinea Batz, Axel Emannuel',NULL,NULL,NULL,24),(111,'F872TIG','Juárez Hernández, Heidy Janeth',NULL,NULL,NULL,24),(112,'E486AHQ','Méndez García, Alejandra Lucía',NULL,NULL,NULL,24),(113,'E339UBQ','Pérez Bulux, Brayan Adolfo',NULL,NULL,NULL,24),(114,'E964DMC','Puac Teleguario, Nimssy Kyria',NULL,NULL,NULL,24),(115,'F247IDJ','Socop Aguilar, Manuela Ana Patricia',NULL,NULL,NULL,24),(116,'G997HLS','Tahay Poncio, Lucía Yasmín',NULL,NULL,NULL,24),(117,'E177DUS','Tumax Tzul, Melany Karla Aracely',NULL,NULL,NULL,24),(118,'F326RDB','Us Ajpop, Anderson Nicolas',NULL,NULL,NULL,24),(119,'F663HUT','Vásquez Puac, Sheyla Vanesa Paula',NULL,NULL,NULL,24),(120,'F599MUU','Yat Socop, Justin Alexander',NULL,NULL,NULL,24),(122,'D341HCH','Ajpacajá Yax, Yanira Yamileth',NULL,NULL,NULL,25),(123,'D847USE','Alvarado Pérez, Victor Vicente Benjamín',NULL,NULL,NULL,25),(124,'E188FUY','Amézquita Menchú, Déborah Paulette',NULL,NULL,NULL,25),(125,'F795CXE','Batz Alvarado, Daniel Estuardo',NULL,NULL,NULL,25),(126,'F792FAB','Batz Villegas, Génesis Merari',NULL,NULL,NULL,25),(127,'F897QEA','Caxaj Mendoza, Kimberly Estefania',NULL,NULL,NULL,25),(128,'D377EUQ','De León Romero, Giselle Eloísa',NULL,NULL,NULL,25),(129,'E978SCX','García Canil, Ericka Yaneth',NULL,NULL,NULL,25),(130,'D882CTY','García Tzicap, Alpha Nereyda',NULL,NULL,NULL,25),(131,'D361HGY','Godínez Paz, Félix Daniel',NULL,NULL,NULL,25),(132,'E853LZI','Gutiérrez Tzunún, Lourdes Abril',NULL,NULL,NULL,25),(133,'D298PNI','López Tax, Hetziry Tamara',NULL,NULL,NULL,25),(134,'E445GTP','Samayoa Guinea, Erick José',NULL,NULL,NULL,25),(135,'E926EBR','Say Dardón, Giovanna Valerie Samantha',NULL,NULL,NULL,25),(136,'E073TYH','Soch Chuc, Keyla Natalí',NULL,NULL,NULL,25),(137,'E244LUW','Tzic Tax, Esmeralda María Jesús',NULL,NULL,NULL,25),(138,'D393TRA','Vásquez Yax, César Eduardo',NULL,NULL,NULL,25),(140,'F269KYJ','Ajpop Guinea, Antony Hayverson',NULL,NULL,NULL,26),(141,'E343FWZ','García Ramírez, Kevin Elías',NULL,NULL,NULL,26),(142,'E143RAI','Herrera Alvarado, Britany Shanel',NULL,NULL,NULL,26),(143,'D159NZZ','Morales Pacheco, Meivilyn Suiber Olguita',NULL,NULL,NULL,26),(144,'E795WXB','Pú Ramos, Deyanira Saraí',NULL,NULL,NULL,26),(145,'D878PNJ','Puac Teleguario, Malaquías Habacuc',NULL,NULL,NULL,26),(146,'E564XPY','Tacam Puac, Sherlyn Margareth Isabel',NULL,NULL,NULL,26),(147,'E271QCF','Tahay Velásquez, Mélany Esmeralda',NULL,NULL,NULL,26),(148,'F140IZJ','Tax Choxom, Estefany Nathalia',NULL,NULL,NULL,26),(149,'E727YYY','Tíu Amézquita, Angela Naomi',NULL,NULL,NULL,26),(150,'E939ZHQ','Toc Poncio, Yoseelyn Elizabeth',NULL,NULL,NULL,26),(151,'G857WVP','Tumax Morales, Adil Marcos Fragani',NULL,NULL,NULL,26),(152,'E634YET','Tzubán Tax, Jesús Abraham',NULL,NULL,NULL,26),(153,'D848DBD','Tzul Velásquez, Jeff Orlando',NULL,NULL,NULL,26),(154,'F034SBL','Velásquez Cuá, David Emmanuel',NULL,NULL,NULL,26),(155,'D595EQI','Xuruc Batz, Shirley Giselle',NULL,NULL,NULL,26),(157,'D166SCD','Aguilar Tzunún, Jeshuá Ricardo',NULL,NULL,NULL,27),(158,'C859YLJ','Canastuj Batz, Daniel Antonio',NULL,NULL,NULL,27),(159,'E051VQP','Caniz Choxom, Luis Miguel',NULL,NULL,NULL,27),(160,'C920FVV','Caníz Cuá, Jhoselyn Dayanara',NULL,NULL,NULL,27),(161,'E470ZLT','Cifuentes Benítez, Dulce María',NULL,NULL,NULL,27),(162,'D177XGQ','Cua Yat, Keila Estefany',NULL,NULL,NULL,27),(163,'D734RQF','Choxom Pérez, Keila Jimena',NULL,NULL,NULL,27),(164,'D755HBW','De León Tzul, Sury Zoe',NULL,NULL,NULL,27),(165,'C795BJD','García Monroy, Jonathan Alejandro',NULL,NULL,NULL,27),(166,'D389WGH','Méndez García, Pedro Luis',NULL,NULL,NULL,27),(167,'D383MDG','Palacios Escobar,Gabriela Anneliz',NULL,NULL,NULL,27),(168,'C123DHQ','Paz Parada, Aury Susseth',NULL,NULL,NULL,27),(169,'D832BDC','Pérez Tzoc, Anderson Eduardo',NULL,NULL,NULL,27),(170,'D133XVV','Pérez Vásquez, Jeferson Gabriel',NULL,NULL,NULL,27),(171,'CO22RTM','Puac Choxom, Kimberly Shellene',NULL,NULL,NULL,27),(172,'D667NEL','Rosales Arriola, Yeire Ziletaí',NULL,NULL,NULL,27),(173,'D899FFA','Socop Aguilar, Elías Bernabé',NULL,NULL,NULL,27),(174,'E247PTC','Tacam García, Alejandra Myrea',NULL,NULL,NULL,27),(175,'E736RPH','Tax Choxom, Gustavo Alfredo',NULL,NULL,NULL,27),(176,'C123GGW','Toc Poncio, Eswin Adolfo Gabriel',NULL,NULL,NULL,27),(177,'D975LBP','Tzic Tax, José Antony Danilo',NULL,NULL,NULL,27),(178,'E243URI','Vásquez Chávez, Dalila María Petronila',NULL,NULL,NULL,27),(179,'C345ICU','Aguilar Solís, Karina Merari',NULL,NULL,NULL,28),(180,'C550VZA','Ajpacajá Yax, Brayan Jesús Denilson',NULL,NULL,NULL,28),(181,'C125WWL','Ajpop Rojas, José Javier',NULL,NULL,NULL,28),(182,'F575TGB','Alvarado Santos, Carmen Leticia',NULL,NULL,NULL,28),(183,'C920DGP','Alvarado Sapón, Jovita María Isabel',NULL,NULL,NULL,28),(184,'C535NAX','Arango Batz, Joseline Jeaneth',NULL,NULL,NULL,28),(185,'C002ZTR','Avila Batz, Marlon Abizahi',NULL,NULL,NULL,28),(186,'C920BGP','Barreno Pacheco, Jonathán Ezequías',NULL,NULL,NULL,28),(187,'D682QCF','Batz Batz, Jaqueline Mishell',NULL,NULL,NULL,28),(188,'C021ZNQ','Carrillo Calel, Ofelia Tomasa',NULL,NULL,NULL,28),(189,'C282VGP','Cuá Gutiérrez, Jonathan Aldair',NULL,NULL,NULL,28),(190,'C233AWQ','Cuá Xuruc, Florinda Amelia',NULL,NULL,NULL,28),(191,'C852WTJ','De León Tzul, Lily Tiara',NULL,NULL,NULL,28),(192,'C123VHL','García  García, Danna Paola',NULL,NULL,NULL,28),(193,'D945GVP','García Granados, René Abdías',NULL,NULL,NULL,28),(194,'D258HIZ','García Xuruc, Esdras Fernando Nehemías',NULL,NULL,NULL,28),(195,'C056YCI','Guinea Batz, Edwin José',NULL,NULL,NULL,28),(196,'C247JVW','Gutiérrez Ajucum, Raúl Esdras Aarón',NULL,NULL,NULL,28),(197,'C620LHA','Mejía Tahay, Edin Moises Adonías',NULL,NULL,NULL,28),(198,'C622FRG','Morales Pacheco, María Fernanda',NULL,NULL,NULL,28),(199,'C745VXQ','Poncio Palaj, Enrique Daniel',NULL,NULL,NULL,28),(200,'C066JQM','Rosales Gutierrez, Brayan Steven',NULL,NULL,NULL,28),(201,'C623QMH','Rosales Noriega, Zeniff José María',NULL,NULL,NULL,28),(202,'C125JJU','Rosales Tzoc, Elmer Israel',NULL,NULL,NULL,28),(203,'C191XMT','Sapón Lorenzana, Linda Valesca',NULL,NULL,NULL,28),(204,'C220GID','Sapón Poncio, Yadhira Galilea',NULL,NULL,NULL,28),(205,'D058FNU','Socop Rodríguez, Melissa Saraí',NULL,NULL,NULL,28),(206,'C656WBT','Talé Pacheco, Margaret Meliza',NULL,NULL,NULL,28),(207,'D332LIF','Zapeta Poncio, Steven Joel Alejandro',NULL,NULL,NULL,28),(209,'C220UNG','Aguilar Solís, Iris Aura Angélica',NULL,NULL,NULL,29),(210,'C920DPP','Ajpacajá Soch, Andrea Vidalia',NULL,NULL,NULL,29),(211,'C521DBK','Batz Boj, Melody Andrea',NULL,NULL,NULL,29),(212,'C171ATM','Batz Zapeta, Pedro Gabriel',NULL,NULL,NULL,29),(213,'C620YLH','Canastuj Batz, Ricardo Gabriel',NULL,NULL,NULL,29),(214,'C321REL','Caniz Choxom, Wiliam Timoteo',NULL,NULL,NULL,29),(215,'C283UMZ','Chaclán Tistoj, Pablo Daniel',NULL,NULL,NULL,29),(216,'C861YQS','Chamorro Chaclán, Hugo Juan Adrián',NULL,NULL,NULL,29),(217,'C343HYS','Chamorro Par, Emilio Adrián',NULL,NULL,NULL,29),(218,'C220BLJ','Chamorro Yax, Candelaria del Rosario',NULL,NULL,NULL,29),(219,'C821WZR','Choxom González, Santos Ezequiel',NULL,NULL,NULL,29),(220,'C822CSE','Choxom Pérez, Harold Gabriel',NULL,NULL,NULL,29),(221,'C023RRU','García Amézquita, René Lisandro',NULL,NULL,NULL,29),(222,'C779YWH','González Chacaj, Pedro Gabriel',NULL,NULL,NULL,29),(223,'C256JIA','Guzmán Reyes, Carmen Ximenna',NULL,NULL,NULL,29),(224,'C420TIX','Robles Canastuj, Juan Camilo Nicolás',NULL,NULL,NULL,29),(225,'C521SDZ','Rosales Pérez, Carmen Mishel',NULL,NULL,NULL,29),(226,'C760ZUV','Sapón Alonzo, Bryan Josué Alberto',NULL,NULL,NULL,29),(227,'C620MGI','Soc García, Luis Daniel',NULL,NULL,NULL,29),(228,'C121GGE','Tax Galindo, Angela Irene',NULL,NULL,NULL,29),(229,'C923MST','Tax García, Esteban Benjamín',NULL,NULL,NULL,29),(230,'C620EKU','Tzul Pacheco, Angela Saraí',NULL,NULL,NULL,29),(231,'C620PGI','Velásquez Cano, Jairo José Alexander',NULL,NULL,NULL,29),(232,'C342BXK','Velásquez Menchú, Josué Rubén Aldair',NULL,NULL,NULL,29),(234,'C723PHY','Aguilar de León, Ana Lucrecia',NULL,NULL,NULL,30),(235,'C223VQS','Ajpop Guinea, Sandra Aracely',NULL,NULL,NULL,30),(236,'C620GGP','Alvarado Pérez, Cristyn Georgget',NULL,NULL,NULL,30),(237,'C125MXW','Amézquita Cajchum, Luisa Alejandra',NULL,NULL,NULL,30),(238,'C123HKH','Amézquita Menchú, María José',NULL,NULL,NULL,30),(239,'C622TPV','Archila Enríquez, Luis Pedro Pablo',NULL,NULL,NULL,30),(240,'C622UQB','Baca Herrarte, Geraldin Melisa',NULL,NULL,NULL,30),(241,'C620NVF','Batz Juárez, Derik Luis Antonio',NULL,NULL,NULL,30),(242,'C723HUL','Caniz Tiu, Brandon Humberto',NULL,NULL,NULL,30),(243,'C621ICG','Chacón Tzunún, Jimena Gabriela',NULL,NULL,NULL,30),(244,'C923LGD','Chuc Tzunún, Melvin Daniel',NULL,NULL,NULL,30),(245,'C023YZB','Cifuentes Benítez, Josué David',NULL,NULL,NULL,30),(246,'C323EHK','Coguox Tzunún, Oswaldo David',NULL,NULL,NULL,30),(247,'C521TAS','De León Romero, Elisa Alejandra',NULL,NULL,NULL,30),(248,'C323NDH','De Paz Hernández, Naara Alejandra',NULL,NULL,NULL,30),(249,'C125KKM','García García, Sara Abigail',NULL,NULL,NULL,30),(250,'C524UAP','García Tzicap, Fredy Alberto',NULL,NULL,NULL,30),(251,'C2323YIY','García Xuruc, Santos Elías Obed',NULL,NULL,NULL,30),(252,'C123AJZ','Gil Velásquez, Shania Ailine',NULL,NULL,NULL,30),(253,'C521JDV','Godínez Alcántara, Ruddy Stuardo',NULL,NULL,NULL,30),(254,'C494SHR','Menchú Aguilar, Juana Marycruz',NULL,NULL,NULL,30),(255,'C921ZWG','Poncio Rosales, Marvin Alfredo',NULL,NULL,NULL,30),(256,'C339VSE','Rosales Arriola, Roí Eleazar',NULL,NULL,NULL,30),(257,'C222NTD','Rosales Pacheco, Milena Yahaira',NULL,NULL,NULL,30),(258,'C623NUS','Tohom Matzir, Dinora Gabriela',NULL,NULL,NULL,30),(259,'C723JDS','Tzoc Tzul, Yoselin Isabel',NULL,NULL,NULL,30),(260,'C525WJI','Tzunún Tumax, Guillermo Ismael',NULL,NULL,NULL,30),(261,'C523XDQ','Vásquez Yax, Julio Felipe Alexander',NULL,NULL,NULL,30),(262,'C874HZQ','Velásquez Cuá, Karla Patricia',NULL,NULL,NULL,30),(263,'C893CJA','Yax Tzul, Keila Abigaíl',NULL,NULL,NULL,30),(265,'C220ESH1','Amézquita Cabrera, Ashley Sharit',NULL,NULL,NULL,2),(266,'C620YFZ2','Batz Boj, Yoselinne Brisa Elizabeth',NULL,NULL,NULL,2),(267,'C628PNF3','Cuá Gutiérrez, Fernanda Yasmin',NULL,NULL,NULL,2),(268,'C821DXK4','Chuc Tzunún Jaqueline Celestina',NULL,NULL,NULL,2),(269,'C421AIW5','García Ajpacajá, Joici Adela Meráry',NULL,NULL,NULL,2),(270,'C922NKM6','García Ajpacajá, Katerin Anahí Margarita',NULL,NULL,NULL,2),(271,'C723VIJ7','González Ixcamparij, Yensi Rosmery',NULL,NULL,NULL,2),(272,'C638RLU8','Monroy Cifuentes, Rocío Guissell',NULL,NULL,NULL,2),(273,'C222PUQ9','Paz Parada, Jessika Paola',NULL,NULL,NULL,2),(274,'C923FGT10','Pérez Vásquez, Nohelya Galilea',NULL,NULL,NULL,2),(275,'C516ELW11','Puac Medina, Nancy Maribel',NULL,NULL,NULL,2),(276,'C222ZVE12','Ramírez Batz, Emily Sarai',NULL,NULL,NULL,2),(277,'C741DHE13','Robles Canastuj, Dary Mishell',NULL,NULL,NULL,2),(278,'C123PKD14','Rosales Tzoc, Aurelia Lisbeth',NULL,NULL,NULL,2),(279,'C622VPL15','Talé Gil, Vielka Yelitzé',NULL,NULL,NULL,2),(280,'C220AQL16','Tohom Zapeta, Yessica Lisbeth',NULL,NULL,NULL,2),(281,'C620NNF17','Turnil Guzmán, Auda Elizabeth',NULL,NULL,NULL,2),(282,'C858WWM18','Tzoc Tzoc, Elida Estefaní',NULL,NULL,NULL,2),(283,'C920RLL19','Tzoy Cac, Laura Magdalena',NULL,NULL,NULL,2),(284,'C422YTK20','Vásquez Vásquez, Lesli Zucely',NULL,NULL,NULL,2),(286,'C461CNH1','Barreno Tzul, Eliazar Neftalí',NULL,NULL,NULL,3),(287,'C167UJB2','Barrios de León, Julio Alfonso',NULL,NULL,NULL,3),(288,'C123YKW3','Batz Barreno, José Carlos',NULL,NULL,NULL,3),(289,'C422UWU4','Caníz Chacón, Daniel Josias',NULL,NULL,NULL,3),(290,'C672CZF5','Cos López, César Alberto',NULL,NULL,NULL,3),(291,'C521DDS6','Cua Yat, David Anthony',NULL,NULL,NULL,3),(292,'C123SIQ7','Chaclán Tistoj, Luigi Juan Ariel',NULL,NULL,NULL,3),(293,'C623WIL8','Chúc Chamorro, Alvyn Nícolas',NULL,NULL,NULL,3),(294,'C2022WZT9','Chuc Tzoc, Abel Jesús',NULL,NULL,NULL,3),(295,'C920CKM10','García Guinea, Angel Roberto ',NULL,NULL,NULL,3),(296,'C163RLX11','García Hernández, Chris Alexander',NULL,NULL,NULL,3),(297,'C521NDX12','Herrera Tzoc, Cristian Fernando',NULL,NULL,NULL,3),(298,'C723HKV13','Pérez Menchú, Gerson',NULL,NULL,NULL,3),(299,'C123YKS14','Ramírez Tohom, Jeferson Francisco Aimar',NULL,NULL,NULL,3),(300,'C723STZ15','Rodas Vásquez, Juan José',NULL,NULL,NULL,3),(301,'C711YAJ16','Socop Aguilar, Nehemías Eliseo',NULL,NULL,NULL,3),(302,'C121FHZ17','Socop Rodríguez, Jonatan Abinadí',NULL,NULL,NULL,3),(303,'C929BLQ18','Tacam Batz, Erickson Leonardo',NULL,NULL,NULL,3),(304,'C025JVD19','Tzoc Tzul, Eduardo Rafael',NULL,NULL,NULL,3),(305,'C623FDJ20','Tzul Cano, Luis Laureano',NULL,NULL,NULL,3),(306,'C721LBD21','Tzul Yax, Denilson Miguel',NULL,NULL,NULL,3),(307,'C220SRF22','Vásquez Gutiérrez, Osvaldo Enrique',NULL,NULL,NULL,3),(309,'C121KGV1','Alvarez Batz, Elvis Emmanuel',NULL,NULL,NULL,4),(310,'C620XKN2','Barrios Ovalle, Alexis Roberto Antonio',NULL,NULL,NULL,4),(311,'C045GPA3','Calderón Castillo, Josué Fernando',NULL,NULL,NULL,4),(312,'C420QPI4','Canastuj de León, Karina Aracely',NULL,NULL,NULL,4),(313,'C123PVI5','Coguox Tzunún, Gabriela Eunice',NULL,NULL,NULL,4),(314,'C620HKJ6','Cua Yat, Rocío Alejandra Noemí',NULL,NULL,NULL,4),(315,'C521BEA7','Chán de León, Eddy Rodolfo Antonio',NULL,NULL,NULL,4),(316,'C222WUU8','Chavaloc Méndez, David Emmanuel',NULL,NULL,NULL,4),(317,'C125EKH9','De León Monzón, Ivonne Andrea Alejandra',NULL,NULL,NULL,4),(318,'C523DXH10','García Monroy, German Josue',NULL,NULL,NULL,4),(319,'C623GXT11','González Ixcamparij, Jhosselyn Mishell',NULL,NULL,NULL,4),(320,'C420PQW12','González Tacam, Ashly Jeasmin',NULL,NULL,NULL,4),(321,'C822JYK13','Gutiérrez Say, Rosa María',NULL,NULL,NULL,4),(322,'C121SIQ14','Norato García, Wilmer Javi Daniel',NULL,NULL,NULL,4),(323,'C018UCN15','Poncio García, Nancy Graciela Jazmín',NULL,NULL,NULL,4),(324,'C920YKQ16','Puac Soch, Wendy Rosy',NULL,NULL,NULL,4),(325,'C920KNH17','Sapón Ajpop, Yordi Carlos',NULL,NULL,NULL,4),(326,'C222KUN18','Tzoc Alvarado, Nancy Gabriela del Rocío',NULL,NULL,NULL,4),(327,'C740PUZ19','Tzoc Zapeta, Angélica Carolina',NULL,NULL,NULL,4),(328,'C542AWR20','Tzul Pacheco, Lourdes Isabel',NULL,NULL,NULL,4),(329,'C521JDG21','Vásquez Caxaj, Patricia Beatriz',NULL,NULL,NULL,4),(330,'C222KVC22','Vásquez Ramírez, Cristian Osvaldo',NULL,NULL,NULL,4),(331,'C320JAJ23','Xuruc Ordóñez, Antonia Roxana',NULL,NULL,NULL,4),(332,'C320FAX24','Zapeta Menchú, Ana Elizabeth',NULL,NULL,NULL,4),(334,'C622JNP1','Aguilar de León, Leonel Estuardo',NULL,NULL,NULL,5),(335,'C822EZD2','Ajché Tohom, María del Rosario',NULL,NULL,NULL,5),(336,'C920THW3','Alvarez Alvarado, Evelin Nallely',NULL,NULL,NULL,5),(337,'C822BWZ4','Barreno Barreno, Anthony Fernando',NULL,NULL,NULL,5),(338,'C620WKZ5','Batz Aguilar, Irvin Salvador',NULL,NULL,NULL,5),(339,'C823NRJ6','Canastuj Batz, Neyda Natalia',NULL,NULL,NULL,5),(340,'C121QIQ7','Canastuj Hernández, Juan Alfredo',NULL,NULL,NULL,5),(341,'C517GZE8','Caxaj Gutiérrez, Yóselin Victoria',NULL,NULL,NULL,5),(342,'C121KIB9','Chaclán Cutz, Nallely Alejandra',NULL,NULL,NULL,5),(343,'C182TZJ10','Chuc Chamorro, Kevin Estuardo',NULL,NULL,NULL,5),(344,'C521AED11','De León Zapata, Roberto Antonio',NULL,NULL,NULL,5),(345,'C428WIZ12','Gil Velásquez, Keila Jazmín',NULL,NULL,NULL,5),(346,'C424IZX13','González Ovalle, Claudia Lorena',NULL,NULL,NULL,5),(347,'C321AJK14','Gutiérrez Batz, Manuela Marlene',NULL,NULL,NULL,5),(348,'C123KJY15','Gutiérrez Casiá, José Pedro',NULL,NULL,NULL,5),(349,'C220FYH16','Lacán Menchú, Gloria Judith',NULL,NULL,NULL,5),(350,'C521UDT17','Ovalle Zapet, Asmin Elizabeth',NULL,NULL,NULL,5),(351,'C721HFR18','Rosales Tax, Emerson Ronaldo',NULL,NULL,NULL,5),(352,'C622KRH19','Tax Galindo, Fernanda Lisseth',NULL,NULL,NULL,5),(353,'C220ARA20','Vásquez Batz, Carlos Josué',NULL,NULL,NULL,5),(354,'C022HXF21','Vásquez Batz, Keily Melissa',NULL,NULL,NULL,5),(355,'C522BRA22','Xuruc Canastuj, Yéssica Yohana',NULL,NULL,NULL,5),(356,'C622KRP23','Yax Pacheco, Hermelinda Aracely',NULL,NULL,NULL,5),(358,'C220FRY','Amézquita Cabrera, Carmen Betzabé',NULL,NULL,NULL,6),(359,'C321YMD','Bulux Rosales, Lucía Ana Rosa',NULL,NULL,NULL,6),(360,'C165RUT','Caniz Ixcotoyac, Evelyn Eunice',NULL,NULL,NULL,6),(361,'C698PLH','Castro Cifuentes, Evelyn Sucely',NULL,NULL,NULL,6),(362,'C222HTY','García Gómez, Zulema Lisbeth',NULL,NULL,NULL,6),(363,'D038VGX','Hernández Tzoc, Helen Yomara',NULL,NULL,NULL,6),(364,'C521XDZ','Ixcaquic Ajpacajá, Vidalia Gabriela',NULL,NULL,NULL,6),(365,'C823PKV','Juárez Chaclán, Estéfani Abigail',NULL,NULL,NULL,6),(366,'C220ERP','Menchú Ixcaquic, Lourdes Argentina',NULL,NULL,NULL,6),(367,'D294LEQ','Menchú Ixcaquic, María Santos',NULL,NULL,NULL,6),(368,'C421DVU','Orozco Orozco, Andrea Berenice',NULL,NULL,NULL,6),(369,'C922YFU','Ortiz de León, Dulce María',NULL,NULL,NULL,6),(370,'C320RGE','Pérez Tzul, Jaqueline Roxana',NULL,NULL,NULL,6),(371,'C22RTD','Ruiz, Kimberly Mishell',NULL,NULL,NULL,6),(372,'C582AKG','Sapón Ajpop, Meilyn Yóselyn Sebastiana',NULL,NULL,NULL,6),(373,'C321IFL','Socop Socop, Adriana Elizabeth',NULL,NULL,NULL,6),(374,'C922XAQ','Tzic Cuá, Séfora Eluzsai',NULL,NULL,NULL,6),(375,'C025GUW','Tzoc Tzoc, Alejandra Maribel',NULL,NULL,NULL,6),(376,'C321MFU','Tzoc Tzoc, Angélica Yanira',NULL,NULL,NULL,6),(377,'C123MKT','Tzunún Rosales, Shirley Marbella Noemí',NULL,NULL,NULL,6),(378,'C225HAS','Velásquez Poncio, Yóselyn Esmeralda',NULL,NULL,NULL,6),(379,'D357EEA','Yax García, Florinda Yénifer Maribel',NULL,NULL,NULL,6),(380,'C623MZZ','Yax Pacheco, Yohane Saraí',NULL,NULL,NULL,6),(382,'C222YTN1','Ajpop Rojas, Luis Carlos',NULL,NULL,NULL,7),(383,'C123MKD2','Avila Calderón, Eduardo Emilio',NULL,NULL,NULL,7),(384,'C422XWB3','Barreno Tzul, Magdiel Hiram',NULL,NULL,NULL,7),(385,'C524CAK4','Batz Aguilar, Eber Leopoldo',NULL,NULL,NULL,7),(386,'C424TKJ5','Batz Ajucum, Abdías José Abimael',NULL,NULL,NULL,7),(387,'C620GIC6','Chamorro Yax, Guillermo Gerardi',NULL,NULL,NULL,7),(388,'C223XQP7','Choxom Gonzalez, Daniel Abraham',NULL,NULL,NULL,7),(389,'C622TRP8','García Uluán, Cristian René',NULL,NULL,NULL,7),(390,'C220HVF9','García Vásquez, Oscar Davíd',NULL,NULL,NULL,7),(391,'C123FKX10','López de León, Axel Bernabé',NULL,NULL,NULL,7),(392,'C620SLJ11','López Tzunún, Pablo Enrique',NULL,NULL,NULL,7),(393,'D070DXH12','Medrano Say, Lorenzo Esteban',NULL,NULL,NULL,7),(394,'C064BQS13','Menchú Xoyón Walter Noé',NULL,NULL,NULL,7),(395,'C821AZV14','Paz de León, Alexis Arnoldo',NULL,NULL,NULL,7),(396,'D734YFX15','Pérez Tzoc, Geovani Bernabé',NULL,NULL,NULL,7),(397,'C681KRH16','Pú Yax, Emmanuel Melgin Fernando ',NULL,NULL,NULL,7),(398,'C286QTU17','Rodríguez Tacam, Epifanio Juan José',NULL,NULL,NULL,7),(399,'D947RUC18','Sapón Cua, José Wilian',NULL,NULL,NULL,7),(400,'D845MVX19','Socop Aguilar, Esdras Obed',NULL,NULL,NULL,7),(401,'C222HUG20','Tzic Alvarez, Yónatan Benjamín',NULL,NULL,NULL,7),(402,'C523YCW21','Tzul Martínez, César Giovani',NULL,NULL,NULL,7),(404,'C422HTT1','Alvarado Ajpop, Yésica Karina',NULL,NULL,NULL,9),(405,'C123KGW2','Amézquita Cajchum, Rolando Emanuel',NULL,NULL,NULL,9),(406,'C424XKT3','Canastuj Tacam, Séfora Rubí',NULL,NULL,NULL,9),(407,'C521LDL4','Carranza Mérida, Dorian Axel René',NULL,NULL,NULL,9),(408,'C923MPL5','Cifuentes Benítez, Josué Esaú',NULL,NULL,NULL,9),(409,'C520PAJ6','Cutz Rosales, Jeaneth Patricia',NULL,NULL,NULL,9),(410,'C220LVD7','Chuc Tacam, Cristina Esmeralda',NULL,NULL,NULL,9),(411,'C861ZBH8','García García, Gerardí Rabí',NULL,NULL,NULL,9),(412,'C920MLU9','García Pec, Alejandro Eduardo',NULL,NULL,NULL,9),(413,'C721PDJ10','García Vásquez, Karen Catalina',NULL,NULL,NULL,9),(414,'C222GUG11','Guinea Tahay, Evelyn María Mercedes',NULL,NULL,NULL,9),(415,'C321AIQ12','Juárez López, Reyna María del Tránsito',NULL,NULL,NULL,9),(416,'C063HAA13','Pú Ruiz, Brandon Freddy Fabricio',NULL,NULL,NULL,9),(417,'C920PLU14','Rosales Méndez, Stephanie Elizabeth',NULL,NULL,NULL,9),(418,'C022PZM15','Tacam Chaclán, Yésica Rosmery',NULL,NULL,NULL,9),(419,'C726ZVF16','Tax Chaclán, Venancio Carlos Manuel',NULL,NULL,NULL,9),(420,'C821MDI17','Tax Pérez, Manuela Gregoria',NULL,NULL,NULL,9),(421,'C721RBT18','Toc Tzoc, Josefa Jacqueline',NULL,NULL,NULL,9),(422,'C222TUN19','Tohom Matzir, Fredy Antonio',NULL,NULL,NULL,9),(423,'C122MAU20','Tumax Canastuj, Alondra Maybelí Mishel',NULL,NULL,NULL,9),(424,'C920DNQ21','Yax Tax, Yésica Paola',NULL,NULL,NULL,9),(426,'C921VWX','Batz Tzul, Derick Anderson',NULL,NULL,NULL,10),(427,'C125KEF','Cac Carrillo, Yosselin María',NULL,NULL,NULL,10),(428,'C2201JZT','Chaclán Tzul, Juan José',NULL,NULL,NULL,10),(429,'C320EEZ','De León Tumax, Cynthia Lisbeth',NULL,NULL,NULL,10),(430,'C4721MFQ','García Caxaj, Brayan Ronaldo',NULL,NULL,NULL,10),(431,'C122NHS','García Gutiérrez, Mynor Obispo',NULL,NULL,NULL,10),(432,'C363SDA','García Ramos, Antonia Alejandrina',NULL,NULL,NULL,10),(433,'C022VXW','Gutiérrez Robles, Karla Maribel',NULL,NULL,NULL,10),(434,'C222RUA','Ixchacchal Poncio, David Nathanael',NULL,NULL,NULL,10),(435,'C922RFG','Ixpertay, Juan Armando',NULL,NULL,NULL,10),(436,'C622SRP','Menchú de León, Mónica Marinelly',NULL,NULL,NULL,10),(437,'C423VGW','Mutz Pacheco, Edgar Rubén',NULL,NULL,NULL,10),(438,'C467PCD','Ordóñez Ajucum, César Daniel',NULL,NULL,NULL,10),(439,'C423DJK','Pú Ruiz, Kevin Shellton',NULL,NULL,NULL,10),(440,'C721IGY','Puac Guinea, Carlos Alberto',NULL,NULL,NULL,10),(441,'C846TUW','Ramos Alvarado,  Brayan Alexander',NULL,NULL,NULL,10),(442,'C321GGX','Tzic Tahay, Guadalupe Marisol',NULL,NULL,NULL,10),(443,'C821QYS','Velásquez Gutiérrez, Kevin Josué',NULL,NULL,NULL,10),(445,'D365AIN1','Ajpacajá Soch, Dallana Gabriela',NULL,NULL,NULL,11),(446,'D297JQE2','Baquiax Vásquez, Rosario Santos Catarina',NULL,NULL,NULL,11),(447,'D744RVH3','Barreno Pelicó, Marcos Emmanuel',NULL,NULL,NULL,11),(448,'C821TZY4','Cifuentes Benítez, Josué Manuel',NULL,NULL,NULL,11),(449,'C920RNK5','Cutz Lacán, Jorge Eliseo',NULL,NULL,NULL,11),(450,'C721XCE6','Chuc Puac, Joel Elías',NULL,NULL,NULL,11),(451,'C220KXI7','García Cua, Melvin Jesús',NULL,NULL,NULL,11),(452,'D485JLG8','García García, Josefina Isabel',NULL,NULL,NULL,11),(453,'D381GFR9','García Pacheco, William Ricardo',NULL,NULL,NULL,11),(454,'D342LBP10','García Robles, Juan Pedro',NULL,NULL,NULL,11),(455,'C321KTK11','García Talé, Evelyn Yesenia',NULL,NULL,NULL,11),(456,'C822SVU12','Gutiérrez Robles, Rosario Narcisa',NULL,NULL,NULL,11),(457,'C523XDT13','Ordóñez Ajucum, César David',NULL,NULL,NULL,11),(458,'C122RDI14','Pérez Tzul, Stéfany Lucrecia',NULL,NULL,NULL,11),(459,'C822MZJ15','Puac Cutz, Douglas Andree',NULL,NULL,NULL,11),(460,'C220IQN16','Sapón Xuruc, María Jeaneth',NULL,NULL,NULL,11),(461,'C268CRE17','Soc González, Paola Gabriela',NULL,NULL,NULL,11),(462,'C320VCI18','Tax Aguilar, Ana Erika',NULL,NULL,NULL,11),(463,'C620TKC19','Tax Chaclán, Fátima Luisa Sofía',NULL,NULL,NULL,11),(464,'C375GXS20','Velásquez García, Sonia Abigail',NULL,NULL,NULL,11),(465,'C425ISS21','Yax Tzul, Pedro Alejandro',NULL,NULL,NULL,11),(489,'D390PPN1','Ajpacajá Cajchum, Evelyn Yojana',NULL,NULL,NULL,31),(490,'C920CLY2','Ajpop Yax, Micaela Francisca',NULL,NULL,NULL,31),(491,'C422PXE3','Ajucum Bulux, José Guillermo',NULL,NULL,NULL,31),(492,'C220ESP4','Alvarado Ajpop, Alex Oseas',NULL,NULL,NULL,31),(493,'C865UPX5','Alvarado Morales, María Rosario',NULL,NULL,NULL,31),(494,'C709CWL6','Amado Godínez, Wagner Omar',NULL,NULL,NULL,31),(495,'C122CFL7','Barreno Menchú, Carolina Francisca',NULL,NULL,NULL,31),(496,'D699QMG8','García Rosales, Elvia Yesenia Guadalupe',NULL,NULL,NULL,31),(497,'C023LFB9','García Rosales, Fredy Estuardo',NULL,NULL,NULL,31),(498,'D242XVP10','García Talé, Mirna Esperanza',NULL,NULL,NULL,31),(499,'C298BUM11','Gutiérrez Velásquez, María Micaela',NULL,NULL,NULL,31),(500,'D535GEY12','Gutiérrez Velásquez, Pedro Luis',NULL,NULL,NULL,31),(501,'B706IVG13','Hernández Pérez, Jonatan Federico',NULL,NULL,NULL,31),(502,'C220CQF14','Ixcaquic Chovón, Karla Griscelda',NULL,NULL,NULL,31),(503,'D793GAH15','Menchú Gonón, René Antonio',NULL,NULL,NULL,31),(504,'C222GUX16','Poncio García, Maritza Aracely',NULL,NULL,NULL,31),(505,'D436MKV17','Rodríguez Chaclán, Eduardo Francisco',NULL,NULL,NULL,31),(506,'C686VBQ18','Rosales Ixcaquic, Lidia Aracely',NULL,NULL,NULL,31),(507,'C321WGN19','Tax Tumax, Martín Roberto',NULL,NULL,NULL,31),(508,'C822BXJ20','Toc Talé, Gladys Rosmery',NULL,NULL,NULL,31),(509,'C620ZJL21','Velásquez Ramos, Yóselin Maricel',NULL,NULL,NULL,31),(511,'C809FBI1','Aguilar Puac, Carlos Mateo',NULL,NULL,NULL,32),(512,'C609RUC2','Ajpacajá García, Beverly Madeley',NULL,NULL,NULL,32),(513,'A700NXA3','Baquiax García, Gladys Romelia',NULL,NULL,NULL,32),(514,'D943EPM4','Cutz Tzic, Gladys Maribel',NULL,NULL,NULL,32),(515,'D236SLH5','Chaclán Tzul, Verónica Floridalma',NULL,NULL,NULL,32),(516,'B906XFB6','García Gómez, Jairo Nathanael',NULL,NULL,NULL,32),(517,'D894XLQ7','Guinea Guinea, Carmelina Mariela',NULL,NULL,NULL,32),(518,'C210BZA8','Lemus Gutiérrez, Gabriela Jeaneth',NULL,NULL,NULL,32),(519,'D463MNN9','Monrroy Batz, Brenda Carmelina',NULL,NULL,NULL,32),(520,'D970AIN10','Pérez Ramos, Susana Cecilia',NULL,NULL,NULL,32),(521,'C79PCL11','Rodríguez Rodríguez, Edgar Rigoberto',NULL,NULL,NULL,32),(522,'D951KPC12','Santizo Gutiérrez, Rudy Osvaldo',NULL,NULL,NULL,32),(523,'D876IFP13','Sapón Poncio, Jesús Gregorio',NULL,NULL,NULL,32),(524,'D539UBA14','Saquimux Cua, Miguel Alexander',NULL,NULL,NULL,32),(525,'D788EAT15','Tax Cos, Claudia Medalis',NULL,NULL,NULL,32),(526,'B906ICE16','Tzaquitzal Yax, Agustín Eduardo',NULL,NULL,NULL,32),(527,'C609XXJ17','Tzoc Rosales, Fernando Reginaldo',NULL,NULL,NULL,32),(528,'D895ZIZ18','Vásquez Aguilar, Julián Carlos',NULL,NULL,NULL,32),(529,'C133QVH19','Xuruc Ordóñez, Pedro Josué',NULL,NULL,NULL,32),(530,'D373IBU20','Yax Tahay, María Rafaela',NULL,NULL,NULL,32),(531,'D181QLV21','Yax Tzunún, Amarilis Greyssy',NULL,NULL,NULL,32),(532,'B806TTX22','Zuñiga Hernández, José Eligio',NULL,NULL,NULL,32),(534,'C908WLI1','Ajucum Bulux, Rodolfo Enrique',NULL,NULL,NULL,33),(535,'C509STT2','Alvarado Ajpop, Marvin Giovani',NULL,NULL,NULL,33),(536,'C708GJZ3','Batz Aguilar, Marleny Antonieta',NULL,NULL,NULL,33),(537,'B307AUC4','Canastuj Castro, César Eliseo',NULL,NULL,NULL,33),(538,'C609NMM5','Cuc Tzoc, Fabiola Rumalda',NULL,NULL,NULL,33),(539,'A001ZWI6','Cutz Tax, Vilma Maricela ',NULL,NULL,NULL,33),(540,'B207AQH7','De León Tax, Nicolasa Paulina',NULL,NULL,NULL,33),(541,'C809HAX8','García Alvarez, Eddy Agustín',NULL,NULL,NULL,33),(542,'C609RVZ9','García García, Abraham Esaú',NULL,NULL,NULL,33),(543,'C009HBJ10','García García, Elvia Angélica',NULL,NULL,NULL,33),(544,'A502XZL11','Guinea Ixpertay, Mirian Esperanza',NULL,NULL,NULL,33),(545,'C609UJA12','Gutiérrez Barreno, Cristy Antonieta',NULL,NULL,NULL,33),(546,'B106YTD13','Gutiérrez Robles, Noemí Jeanette',NULL,NULL,NULL,33),(547,'B307MST14','Juárez López, Justa Yesenia',NULL,NULL,NULL,33),(548,'B406MYA15','Puac Vicente, Yorleny Soledad',NULL,NULL,NULL,33),(550,'C209FTG1','García Rosales, Yóselyn Maribel',NULL,NULL,NULL,8),(551,'C569YUY2','Morales Hernández, Cecilia Pamela',NULL,NULL,NULL,8),(552,'C608CJY3','Toc Ajpop, Jorge Antonio',NULL,NULL,NULL,8),(553,'C320FBW4','Zapeta Canastuj, Maribel Marcelina',NULL,NULL,NULL,8),(555,'C509PVH1','Canastuj García, Jesús Orlando',NULL,NULL,NULL,12),(556,'C220MWG2','Canastuj Poncio, Wiliam Benjamín',NULL,NULL,NULL,12),(557,'C922KGJ3','Hernández Guinea, Marvin Ezequiel',NULL,NULL,NULL,12),(558,'C422JUN4','Puac Vásquez, Elisa Raquel',NULL,NULL,NULL,12),(559,'C321XJT5','Sapón Gutiérrez, Josue Ariel',NULL,NULL,NULL,12),(560,'C349WFY6','Toyom Gutiérrez, Cristian Enrique',NULL,NULL,NULL,12),(561,'C121QIG7','Tzul Barreno, Yónatan Feliciano Alexander',NULL,NULL,NULL,12),(562,'D340AUY8','Véliz Reyes, Luis Manuel',NULL,NULL,NULL,12),(564,'D641MNE1','Campa Velásquez, Andherson Nehemias',NULL,NULL,NULL,18),(565,'D359YQL2','De León Tumax, Yásmin Guisella',NULL,NULL,NULL,18),(566,'C809CFT3','García López, Henry Danilo',NULL,NULL,NULL,18),(567,'C808UKP4','Menchú de León, Mynor José Alexander',NULL,NULL,NULL,18),(569,'C821CZG1','García Alvarado, Byron Gamaliel',NULL,NULL,NULL,13),(570,'C922UAB2','Pérez Sapón, Vicente Camilo',NULL,NULL,NULL,13),(571,'C220LWH3','Rosales García, Nicolás Bernardino',NULL,NULL,NULL,13),(572,'C220WVD4','Velásquez Tzaquitzal, Baltazar Adolfo',NULL,NULL,NULL,13),(574,'C609YKW1','Aguilar Tax, Julio Domingo',NULL,NULL,NULL,19),(575,'C609TRF2','Alvarado Ajpacajá, Ayrtón Wilmer',NULL,NULL,NULL,19),(576,'D931WXV3','Lacán Tzul, Stiven Crístofer Yorkael',NULL,NULL,NULL,19),(578,'C622WRP1','Aguilar Tzunún, Gary Beverlly Sharon',NULL,NULL,NULL,16),(579,'D899BSE2','Batz Toc, Santos Leonardo',NULL,NULL,NULL,16),(580,'C021ZKM3','García Ramírez, Brandon Bernardo',NULL,NULL,NULL,16),(582,'D340QBJ1','Chávez Menchú, Julio César',NULL,NULL,NULL,17),(583,'D482YUQ2','Rosales Ordóñez, German Timoteo',NULL,NULL,NULL,17),(584,'D260BWD3','Tzul Puac, Carlos Miguel',NULL,NULL,NULL,17),(586,'D258NDB1','Aguilar Batz, Mery Mishel',NULL,NULL,NULL,14),(587,'C294XPW2','Batz Rosales, Esperanza Manuela',NULL,NULL,NULL,14),(588,'A804RLC3','Batz Vásquez, Fabiola Cecilia',NULL,NULL,NULL,14),(589,'D581SWC4','Pérez García, María Sebastiana',NULL,NULL,NULL,14),(590,'C523AIU5','Puac Toc, Floridalma Paulina',NULL,NULL,NULL,14),(591,'D026MBC6','Santos Cahuex, Joselyn Karina',NULL,NULL,NULL,14),(592,'D547LMH7','Solís Flores, Yenifer Gabriela',NULL,NULL,NULL,14),(593,'C920EKT8','Xalix Xic, Brenda Petronila Olivia',NULL,NULL,NULL,14),(594,'C599PHQ9','Yax Say, Viviana Mariela',NULL,NULL,NULL,14),(596,'C609KWR1','Par García, Pedro Miguel Fernando',NULL,NULL,NULL,15),(625,'D258NDB1','Aguilar Batz, Mery Mishel',NULL,NULL,NULL,58),(626,'2','Aguilar Batz, Víctor David',NULL,NULL,NULL,46),(627,'C723PHY3','Aguilar de León, Ana Lucrecia ',NULL,NULL,NULL,50),(628,'C822XZV4','Aguilar Gutiérrez, Fredy Alexander ',NULL,NULL,NULL,62),(629,'C220YYR5','Aguilar Gutiérrez, Rosmery Julisa ',NULL,NULL,NULL,62),(630,'C809FBI6','Aguilar Puac, Carlos Mateo',NULL,NULL,NULL,67),(631,'C222BUP7','Aguilar Socop, Melissa Alejandra ',NULL,NULL,NULL,68),(632,'C220UNG8','Aguilar Solís, Iris Aura Angélica',NULL,NULL,NULL,49),(633,'C345ICU9','Aguilar Solís, Karina Merari',NULL,NULL,NULL,48),(634,'10','Aguilar Talé, Craig Angel Emanuel ',NULL,NULL,NULL,38),(635,'C622WRP11','Aguilar Tzunún, Gary Beverlly Sharon',NULL,NULL,NULL,61),(636,'D166SCD12','Aguilar Tzunún, Jeshuá Ricardo',NULL,NULL,NULL,47),(637,'C321CGF13','Ajché García, Karina Yesenia Francisca ',NULL,NULL,NULL,60),(638,'C822EZD14','Ajché Tohom, María del Rosario',NULL,NULL,NULL,55),(639,'C821KAH15','Ajpacajá Aguilar, Ingrid Paola',NULL,NULL,NULL,72),(640,'D390PPN16','Ajpacajá Cajchum, Evelyn Yojana',NULL,NULL,NULL,66),(641,'C220EUC17','Ajpacajá Cajchum, Wellington Ottoniel',NULL,NULL,NULL,64),(642,'C609RUC18','Ajpacajá García, Beverly Madeley',NULL,NULL,NULL,67),(643,'19','Ajpacajá García, Jefferson Edenilson',NULL,NULL,NULL,38),(644,'C920DPP20','Ajpacajá Soch, Andrea Vidalia',NULL,NULL,NULL,49),(645,'F748AJU21','Ajpacajá Tacam, Brayan Josué',NULL,NULL,NULL,39),(646,'C550VZA22','Ajpacajá Yax, Brayan Jesús Denilson',NULL,NULL,NULL,48),(647,'D341HCH23','Ajpacajá Yax, Yanira Yamileth',NULL,NULL,NULL,39),(648,'F269KYJ24','Ajpop Guinea, Antony Hayverson',NULL,NULL,NULL,46),(649,'C223VQS25','Ajpop Guinea, Sandra Aracely',NULL,NULL,NULL,50),(650,'G387AJV26','Ajpop Par, Steysi Saraí',NULL,NULL,NULL,39),(651,'C125WWL27','Ajpop Rojas, José Javier',NULL,NULL,NULL,48),(652,'C321AHH28','Ajpop Yax, Aracely Gregoria ',NULL,NULL,NULL,65),(653,'C920CLY29','Ajpop Yax, Micaela Francisca',NULL,NULL,NULL,66),(654,'C422PXE30','Ajucum Bulux, José Guillermo',NULL,NULL,NULL,66),(655,'C321NGR31','Ajucum Gutiérrez, Nehemías José Eliseo',NULL,NULL,NULL,40),(656,'C220ESP32','Alvarado Ajpop, Alex Oseas',NULL,NULL,NULL,66),(657,'C422HTT33','Alvarado Ajpop, Yésica Karina',NULL,NULL,NULL,63),(658,'D779QQJ34','Alvarado Juárez, Wendy Amarilis',NULL,NULL,NULL,68),(659,'C865UPX35','Alvarado Morales, María Rosario',NULL,NULL,NULL,66),(660,'D847USE36','Alvarado Pérez, Victor Vicente Benjamín',NULL,NULL,NULL,46),(661,'F575TGB37','Alvarado Santos, Carmen Leticia',NULL,NULL,NULL,48),(662,'C920DGP38','Alvarado Sapón, Jovita María Isabel',NULL,NULL,NULL,48),(663,'C220BYB39','Alvarado Tax, Sonia Marisol',NULL,NULL,NULL,72),(664,'C920THW40','Alvarez Alvarado, Evelin Nallely',NULL,NULL,NULL,55),(665,'C121KGV41','Alvarez Batz, Elvis Emmanuel ',NULL,NULL,NULL,54),(666,'42','Alvarez Rosales, Anthony Alexander',NULL,NULL,NULL,37),(667,'C521ZDY43','Amado Godínez, Eimy Lisbeth ',NULL,NULL,NULL,62),(668,'D745TNX44','Amado Godínez, Madelyn Yvet',NULL,NULL,NULL,47),(669,'C709CWL45','Amado Godínez, Wagner Omar',NULL,NULL,NULL,66),(670,'G086YQT46','Amado Palacios, Rodolfo Javier',NULL,NULL,NULL,38),(671,'C220ESH47','Amézquita Cabrera, Ashley Sharit',NULL,NULL,NULL,52),(672,'C125MXW48','Amézquita Cajchum, Luisa Alejandra',NULL,NULL,NULL,50),(673,'C123KGW49','Amézquita Cajchum, Rolando Emanuel',NULL,NULL,NULL,63),(674,'E188FUY50','Amézquita Menchú, Déborah Paulette',NULL,NULL,NULL,46),(675,'C123HKH51','Amézquita Menchú, María José',NULL,NULL,NULL,50),(676,'C424CJV52','Angel Linares, Irma Beatriz ',NULL,NULL,NULL,62),(677,'E040LZK53','Arango Batz, Alejandra María Belen',NULL,NULL,NULL,39),(678,'C535NAX54','Arango Batz, Joseline Jeaneth',NULL,NULL,NULL,48),(679,'C583AFT55','Arango Cifuentes, Veraly María del Carmen ',NULL,NULL,NULL,50),(680,'D687CMS56','Archila Cajchum, Griscelda Floridalma ',NULL,NULL,NULL,60),(681,'C622TPV57','Archila Enríquez, Luis Pedro Pablo',NULL,NULL,NULL,51),(682,'F333AVK58','Archila Méndez, Abner Francisco Jonatan ',NULL,NULL,NULL,40),(683,'H529GQP59','Archila Méndez, Cristian Misael',NULL,NULL,NULL,38),(684,'C002ZTR60','Avila Batz, Marlon Abizahi',NULL,NULL,NULL,48),(685,'A700NXA61','Baquiax García, Gladys Romelia',NULL,NULL,NULL,67),(686,'C622XRH62','Baquiax Hernández, Jackelin Vanessa',NULL,NULL,NULL,50),(687,'D297JQE63','Baquiax Vásquez, Rosario Santos Catarina ',NULL,NULL,NULL,72),(688,'64','Barreno Batz, Jessica Yasmín',NULL,NULL,NULL,37),(689,'F446ART65','Barreno Chuc, Aymar Allison Victoria ',NULL,NULL,NULL,39),(690,'F729CCE66','Barreno Gutiérrez, Christell Denisse',NULL,NULL,NULL,38),(691,'A100SFA67','Barreno López, Santos Cristina',NULL,NULL,NULL,57),(692,'C122CFL68','Barreno Menchú, Carolina Francisca',NULL,NULL,NULL,66),(693,'C920BGP69','Barreno Pacheco, Jonathán Ezequías',NULL,NULL,NULL,48),(694,'C920NKP70','Barreno Vásquez, Juana Candelaria ',NULL,NULL,NULL,65),(695,'C321EGN71','Barreno Vásquez, María Soledad',NULL,NULL,NULL,65),(696,'G078DZH72','Baten Vega, Abel Orestes ',NULL,NULL,NULL,37),(697,'C620WKZ73','Batz Aguilar, Irvin Salvador ',NULL,NULL,NULL,55),(698,'F795CXE74','Batz Alvarado, Daniel Estuardo',NULL,NULL,NULL,46),(699,'C123YKW75','Batz Barreno, José Carlos',NULL,NULL,NULL,53),(700,'76','Batz Batz, Cristian Alexander ',NULL,NULL,NULL,36),(701,'D682QCF77','Batz Batz, Jaqueline Mishell',NULL,NULL,NULL,48),(702,'C521DBK78','Batz Boj, Melody Andrea',NULL,NULL,NULL,49),(703,'C620YFZ79','Batz Boj, Yoselinne Brisa Elizabeth',NULL,NULL,NULL,52),(704,'C220EUL80','Batz Chaclán, Jhon Sebastián',NULL,NULL,NULL,59),(705,'C321JIU81','Batz de León, Heidy Guadalupe ',NULL,NULL,NULL,50),(706,'G093KER82','Batz García, Angie Gabriela',NULL,NULL,NULL,39),(707,'C191LPX83','Batz Gutiérrez, Emmanuel Elías',NULL,NULL,NULL,51),(708,'C321VIF84','Batz Gutiérrez, Hugo Efraín',NULL,NULL,NULL,65),(709,'C620NVF85','Batz Juárez, Derik Luis Antonio',NULL,NULL,NULL,51),(710,'86','Batz Rosales, Esperanza Manuela',NULL,NULL,NULL,58),(711,'D355PLW87','Batz Rosales, Jeremías Isaac',NULL,NULL,NULL,68),(712,'C220AZK88','Batz Toc, Elena Carolina',NULL,NULL,NULL,62),(713,'C620WLN89','Batz Toc, Karla Yaneth',NULL,NULL,NULL,65),(714,'H027GHM90','Batz Tzul, Brayan Juan José ',NULL,NULL,NULL,38),(715,'C921VWX91','Batz Tzul, Derick Anderson',NULL,NULL,NULL,64),(716,'92','Batz Tzul, Jonathan José Miguel ',NULL,NULL,NULL,37),(717,'A804RLC93','Batz Vásquez, Fabiola Cecilia',NULL,NULL,NULL,58),(718,'F792FAB94','Batz Villegas, Génesis Merari',NULL,NULL,NULL,46),(719,'C171ATM95','Batz Zapeta, Pedro Gabriel',NULL,NULL,NULL,49),(720,'C920NLU96','Beletzuy Puac, Derick Adiel ',NULL,NULL,NULL,51),(721,'E973QBX97','Belmonte Méndez, Karla María de los Angeles',NULL,NULL,NULL,40),(722,'CE526BWI98','Benavente Barreno, Oscar Alejandro',NULL,NULL,NULL,39),(723,'D346SPU99','Bulux Alvarado, José Manuel',NULL,NULL,NULL,72),(724,'100','Bulux Bulux, Yuridia Adamaris',NULL,NULL,NULL,35),(725,'C721KIL101','Bulux Cutz, Genaro Francisco ',NULL,NULL,NULL,62),(726,'C321YIE102','Bulux García, David Moisés',NULL,NULL,NULL,65),(727,'C920BPH103','Bulux Morales, María Natividad',NULL,NULL,NULL,65),(728,'C422PXT104','Bulux Tacam, Omar Lorenzo',NULL,NULL,NULL,63),(729,'C125KEF105','Cac Carrillo, Yosselin María',NULL,NULL,NULL,64),(730,'C321SHX106','Cac Yat, Miguel Mario',NULL,NULL,NULL,65),(731,'C045GPA107','Calderón Castillo, Josué Fernando',NULL,NULL,NULL,54),(732,'C859YLJ108','Canastuj Batz, Daniel Antonio',NULL,NULL,NULL,47),(733,'C823NRJ109','Canastuj Batz, Neyda Natalia',NULL,NULL,NULL,55),(734,'C620YLH110','Canastuj Batz, Ricardo Gabriel',NULL,NULL,NULL,49),(735,'C420QPI111','Canastuj de León, Karina Aracely',NULL,NULL,NULL,54),(736,'C509PVH112','Canastuj García, Jesús Orlando',NULL,NULL,NULL,69),(737,'C121QIQ113','Canastuj Hernández, Juan Alfredo',NULL,NULL,NULL,55),(738,'C795MAF114','Canastuj Lacán, Edy Leonel',NULL,NULL,NULL,72),(739,'C220MWG115','Canastuj Poncio, Wiliam Benjamín',NULL,NULL,NULL,69),(740,'C424XKT116','Canastuj Tacam, Séfora Rubí',NULL,NULL,NULL,63),(741,'117','Canastuj Vicente, Fernando Emanuel',NULL,NULL,NULL,36),(742,'C422UWU118','Caníz Chacón, Daniel Josias',NULL,NULL,NULL,53),(743,'G180YZG119','Caniz Choxom, Cruz Belinda',NULL,NULL,NULL,39),(744,'E051VQP120','Caniz Choxom, Luis Miguel',NULL,NULL,NULL,47),(745,'C321REL121','Caniz Choxom, Wiliam Timoteo',NULL,NULL,NULL,49),(746,'C920FVV122','Caníz Cuá, Jhoselyn Dayanara',NULL,NULL,NULL,47),(747,'C723HUL123','Caniz Tiu, Brandon Humberto',NULL,NULL,NULL,51),(748,'C220JUW124','Caniz Velásquez,  Irma Cristina Abigail',NULL,NULL,NULL,59),(749,'C021ZNQ125','Carrillo Calel, Ofelia Tomasa ',NULL,NULL,NULL,48),(750,'126','Casiá Tzic, Edgar Samuel Enríque',NULL,NULL,NULL,37),(751,'D848PPF127','Castro López, Pablo Agustín',NULL,NULL,NULL,65),(752,'128','Castro Tax, Allan Benjamin ',NULL,NULL,NULL,47),(753,'C517GZE129','Caxaj Gutiérrez, Yóselin Victoria',NULL,NULL,NULL,55),(754,'F897QEA130','Caxaj Mendoza, Kimberly Estefania',NULL,NULL,NULL,46),(755,'C121KIB131','Chaclán Cutz, Nallely Alejandra',NULL,NULL,NULL,55),(756,'D565XEC132','Chaclán Gutiérrez, Miguel Antonio',NULL,NULL,NULL,59),(757,'F673GYI133','Chaclán Tistoj, Joshua Francisco Antonio',NULL,NULL,NULL,38),(758,'C123SIQ134','Chaclán Tistoj, Luigi Juan Ariel',NULL,NULL,NULL,53),(759,'C283UMZ135','Chaclán Tistoj, Pablo Daniel',NULL,NULL,NULL,49),(760,'C2201JZT136','Chaclán Tzul, Juan José',NULL,NULL,NULL,64),(761,'D236SLH137','Chaclán Tzul, Verónica Floridalma',NULL,NULL,NULL,67),(762,'C621ICG138','Chacón Tzunún, Jimena Gabriela',NULL,NULL,NULL,50),(763,'C828TND139','Chamorro Aguilar, Luis Stuart',NULL,NULL,NULL,51),(764,'C861YQS140','Chamorro Chaclán, Hugo Juan Adrián',NULL,NULL,NULL,49),(765,'C343HYS141','Chamorro Par, Emilio Adrián',NULL,NULL,NULL,49),(766,'C920KQD142','Chamorro Vásquez, Claudia Aracely ',NULL,NULL,NULL,62),(767,'C220BLJ143','Chamorro Yax, Candelaria del Rosario',NULL,NULL,NULL,49),(768,'C620GIC144','Chamorro Yax, Guillermo Gerardi',NULL,NULL,NULL,65),(769,'C521BEA145','Chán de León, Eddy Rodolfo Antonio',NULL,NULL,NULL,54),(770,'146','Chavajay Ordóñez, Jorge Daniel',NULL,NULL,NULL,36),(771,'G795KGV147','Chavaloc Ixcaquic, Anyelí Marían ',NULL,NULL,NULL,38),(772,'C222WUU148','Chavaloc Méndez, David Emmanuel ',NULL,NULL,NULL,54),(773,'C822CSE149','Choxom Pérez, Harold Gabriel',NULL,NULL,NULL,49),(774,'D734RQF150','Choxom Pérez, Keila Jimena',NULL,NULL,NULL,47),(775,'C841MZZ151','Chuc Barreno, Abner Fernando',NULL,NULL,NULL,65),(776,'C620EKI152','Chuc Batz, José Armando ',NULL,NULL,NULL,62),(777,'C623WIL153','Chúc Chamorro, Alvyn Nícolas',NULL,NULL,NULL,53),(778,'C182TZJ154','Chuc Chamorro, Kevin Estuardo',NULL,NULL,NULL,55),(779,'C220LVD155','Chuc Tacam, Cristina Esmeralda',NULL,NULL,NULL,63),(780,'G857KUH156','Chuc Tax, Mynor Hedysson Eduardo',NULL,NULL,NULL,40),(781,'D561INS157','Chuc Tax, Sergio Alfredo',NULL,NULL,NULL,48),(782,'C2022WZT158','Chuc Tzoc, Abel Jesús',NULL,NULL,NULL,53),(783,'C821DXK159','Chuc Tzunún, Jaquelyne Celestina',NULL,NULL,NULL,52),(784,'C923LGD160','Chuc Tzunún, Melvin Daniel',NULL,NULL,NULL,51),(785,'G856RLH161','Chuc Velásquez, Estefany Yudith',NULL,NULL,NULL,40),(786,'E470ZLT162','Cifuentes Benítez, Dulce María',NULL,NULL,NULL,47),(787,'C023YZB163','Cifuentes Benítez, Josué David',NULL,NULL,NULL,51),(788,'C923MPL164','Cifuentes Benítez, Josué Esaú',NULL,NULL,NULL,63),(789,'C620IKR165','Cifuentes Portillo, Rodrigo Pedro José',NULL,NULL,NULL,51),(790,'E354ZQV166','Citán Puác, Isaí Joshua Mahanaim',NULL,NULL,NULL,40),(791,'C123PVI167','Coguox Tzunún, Gabriela Eunice',NULL,NULL,NULL,54),(792,'D982LQH168','Coguox Tzunún, Luis Gerardo ',NULL,NULL,NULL,64),(793,'C323EHK169','Coguox Tzunún, Oswaldo David',NULL,NULL,NULL,51),(794,'C672CZF170','Cos López, César Alberto',NULL,NULL,NULL,53),(795,'F983UIA171','Cotero Jerez, Caitlin Marlene',NULL,NULL,NULL,39),(796,'C121DHB172','Cu Cuc, Brayan Josué',NULL,NULL,NULL,53),(797,'D754MNK173','Cu Cuc, Steven Isaac',NULL,NULL,NULL,55),(798,'C628PNF174','Cuá Gutiérrez, Fernanda Yasmin',NULL,NULL,NULL,52),(799,'C282VGP175','Cuá Gutiérrez, Jonathan Aldair',NULL,NULL,NULL,48),(800,'C233AWQ176','Cuá Xuruc, Florinda Amelia',NULL,NULL,NULL,48),(801,'C521DDS177','Cua Yat, David Anthony',NULL,NULL,NULL,53),(802,'D177XGQ178','Cua Yat, Keila Estefany',NULL,NULL,NULL,47),(803,'C620HKJ179','Cua Yat, Rocío Alejandra Noemí',NULL,NULL,NULL,54),(804,'C123UKJ180','Cutz Casiá, Edvin Estuardo Onofre',NULL,NULL,NULL,51),(805,'181','Cutz de León, Alessandra Montserrat',NULL,NULL,NULL,37),(806,'C520PAJ182','Cutz Rosales, Jeaneth Patricia ',NULL,NULL,NULL,63),(807,'D943EPM183','Cutz Tzic, Gladys Maribel ',NULL,NULL,NULL,67),(808,'G077KAC184','De León Caníz, Jairo Bryan Alexander',NULL,NULL,NULL,39),(809,'C422VYF185','De León Chamorro, Gustavo Adolfo',NULL,NULL,NULL,51),(810,'C220GUL186','De León Cop, José Daniel',NULL,NULL,NULL,59),(811,'C125EKH187','De León Monzón, Ivonne Andrea Alejandra',NULL,NULL,NULL,54),(812,'C521TAS188','De León Romero, Elisa Alejandra',NULL,NULL,NULL,50),(813,'D377EUQ189','De León Romero, Giselle Eloísa',NULL,NULL,NULL,46),(814,'C852WTJ190','De León Tzul, Lily Tiara',NULL,NULL,NULL,48),(815,'D755HBW191','De León Tzul, Sury Zoe',NULL,NULL,NULL,47),(816,'C220WYA192','De León Yax, Joel Emias',NULL,NULL,NULL,51),(817,'C521AED193','De León Zapata, Roberto Antonio',NULL,NULL,NULL,55),(818,'C022SXX194','Delgado Tzic, Carol Paulina ',NULL,NULL,NULL,50),(819,'D059SBI195','Franco López, José Angel Andree',NULL,NULL,NULL,39),(820,'C421AIW196','García Ajpacajá, Joici Adela Meráry',NULL,NULL,NULL,52),(821,'C922NKM197','García Ajpacajá, Katerin Anahí Margarita',NULL,NULL,NULL,52),(822,'C821CZG198','García Alvarado, Byron Gamaliel',NULL,NULL,NULL,70),(823,'C822NWF199','García Alvarez, Keila Elizabeth',NULL,NULL,NULL,50),(824,'E637BIU200','García Amado, Brayan Emmanuel ',NULL,NULL,NULL,38),(825,'C023RRU201','García Amézquita, René Lisandro',NULL,NULL,NULL,49),(826,'C417PSH202','García Arriola, Karla Guadalupe ',NULL,NULL,NULL,50),(827,'C025HWN203','García Batz, Cruz Adolfo',NULL,NULL,NULL,64),(828,'C320GDK204','García Batz, Sharon Elisa ',NULL,NULL,NULL,55),(829,'E978SCX205','García Canil, Ericka Yaneth',NULL,NULL,NULL,46),(830,'C220KXI206','García Cua, Melvin Jesús',NULL,NULL,NULL,65),(831,'C123VHL207','García García, Danna Paola',NULL,NULL,NULL,48),(832,'C231FFZ208','García García, Elvis Juan de Jesús ',NULL,NULL,NULL,62),(833,'C861ZBH209','García García, Gerardi Rabí',NULL,NULL,NULL,63),(834,'C125KKM210','García García, Sara Abigail',NULL,NULL,NULL,50),(835,'E899DXY211','García García, Sara Leticia',NULL,NULL,NULL,40),(836,'C622RNZ212','García Godínez, Gelin Cristina',NULL,NULL,NULL,65),(837,'B906XFB213','García Gómez, Jairo Nathanael',NULL,NULL,NULL,67),(838,'214','García González, Carlos Fredy',NULL,NULL,NULL,35),(839,'D945GVP215','García Granados, René Abdías',NULL,NULL,NULL,48),(840,'C122NHS216','García Gutiérrez, Mynor Obispo',NULL,NULL,NULL,64),(841,'C163RLX217','García Hernández, Chris Alexander',NULL,NULL,NULL,53),(842,'C523DXH218','García Monroy, German Josue',NULL,NULL,NULL,54),(843,'C795BJD219','García Monroy, Jonathan Alejandro',NULL,NULL,NULL,47),(844,'220','García Pec, Alejandro Eduardo',NULL,NULL,NULL,63),(845,'C123IKX221','García Pérez, Sharon Nikolle',NULL,NULL,NULL,52),(846,'C021ZKM222','García Ramírez, Brandon Bernardo',NULL,NULL,NULL,61),(847,'E343FWZ223','García Ramírez, Kevin Elías',NULL,NULL,NULL,46),(848,'C363SDA224','García Ramos, Antonia Alejandrina',NULL,NULL,NULL,64),(849,'D699QMG225','García Rosales, Elvia Yesenia Guadalupe',NULL,NULL,NULL,66),(850,'C023LFB226','García Rosales, Fredy Estuardo',NULL,NULL,NULL,66),(851,'C928KSH227','García Rosales, Misael Antonio',NULL,NULL,NULL,72),(852,'C209FTG228','García Rosales, Yóselyn Maribel',NULL,NULL,NULL,57),(853,'G952THF229','García Talé, Benjamín Emanuel',NULL,NULL,NULL,40),(854,'D882CTY230','García Tzicap, Alpha Nereyda',NULL,NULL,NULL,46),(855,'231','García Tzul, Miguel Julián',NULL,NULL,NULL,40),(856,'C058RDC232','García Vásquez, Elian Marcelino',NULL,NULL,NULL,65),(857,'C721PDJ233','García Vásquez, Karen Catalina',NULL,NULL,NULL,63),(858,'C622YDW234','García Vásquez, Paola Verónica',NULL,NULL,NULL,50),(859,'D258HIZ235','García Xuruc, Esdras Fernando Nehemías',NULL,NULL,NULL,48),(860,'C323YIY236','García Xuruc, Santos Elías Obed',NULL,NULL,NULL,51),(861,'C425CUC237','García, Luis Felipe',NULL,NULL,NULL,72),(862,'C428WIZ238','Gil Velásquez, Keila Jazmín',NULL,NULL,NULL,55),(863,'C123AJZ239','Gil Velásquez, Shania Ailine',NULL,NULL,NULL,50),(864,'C521JDV240','Godínez Alcántara, Ruddy Stuardo',NULL,NULL,NULL,51),(865,'241','Godínez Medina, Marcos André ',NULL,NULL,NULL,37),(866,'G689JDV242','Gómez Amado, Angel Jeshuá',NULL,NULL,NULL,39),(867,'E790HWL243','Gómez Amado, Bryan Luis Estudardo',NULL,NULL,NULL,47),(868,'C620FKD244','Gómez Morales, Sharon Samantha ',NULL,NULL,NULL,62),(869,'245','Gonzáles de León, Juan Carlos Natanael ',NULL,NULL,NULL,35),(870,'246','González Chacaj, Fernanda Belén',NULL,NULL,NULL,38),(871,'247','González Chacaj, Josué Fernando',NULL,NULL,NULL,38),(872,'C779YWH248','González Chacaj, Pedro Gabriel',NULL,NULL,NULL,49),(873,'249','González de León, Emilio Raúl ',NULL,NULL,NULL,36),(874,'250','González Gómez, Arely Jimena',NULL,NULL,NULL,36),(875,'C920EME251','González Gutiérrez, Elsy Yanira ',NULL,NULL,NULL,68),(876,'F437IVU252','González Ixcamparij, Evelyn Gabriela',NULL,NULL,NULL,40),(877,'C723VIJ253','González Ixcamparij, Yensi Rosmery',NULL,NULL,NULL,52),(878,'C424IZX254','González Ovalle, Claudia Lorena',NULL,NULL,NULL,55),(879,'G271IZU255','González Ovalle, Cristhian Miguel ',NULL,NULL,NULL,39),(880,'C123ZJY256','González Pereira, Ana Patricia Isabel',NULL,NULL,NULL,55),(881,'E648AXD257','González Romero, Abraham Carlos Enrique ',NULL,NULL,NULL,39),(882,'C420PQW258','González Tacam, Ashly Jeasmin',NULL,NULL,NULL,54),(883,'F657BRV259','Guinea Batz, Axel Emannuel ',NULL,NULL,NULL,40),(884,'C056YCI260','Guinea Batz, Edwin José',NULL,NULL,NULL,48),(885,'F999ACN261','Guinea Flores, Christopher Alexander ',NULL,NULL,NULL,38),(886,'D894XLQ262','Guinea Guinea, Carmelina Mariela',NULL,NULL,NULL,67),(887,'C222GUG263','Guinea Tahay, Evelyn María Mercedes ',NULL,NULL,NULL,63),(888,'C321AJK264','Gutiérrez Batz, Manuela Marlene',NULL,NULL,NULL,55),(889,'C123KJY265','Gutiérrez Casiá, José Pedro',NULL,NULL,NULL,55),(890,'C220PVZ266','Gutiérrez Cutz, Ventura Natalia ',NULL,NULL,NULL,65),(891,'C422JUU267','Gutiérrez Robles, Carlos Francisco ',NULL,NULL,NULL,62),(892,'C022VXW268','Gutiérrez Robles, Karla Maribel',NULL,NULL,NULL,64),(893,'269','Gutiérrez Robles, Rosario Narcisa ',NULL,NULL,NULL,59),(894,'C822JYK670','Gutiérrez Say, Rosa María',NULL,NULL,NULL,54),(895,'C920TKN271','Gutiérrez Tzoc, Miguel Eliseo ',NULL,NULL,NULL,72),(896,'E853LZI272','Gutiérrez Tzunún, Lourdes Abril',NULL,NULL,NULL,46),(897,'C298BUM273','Gutiérrez Velásquez, María Micaela',NULL,NULL,NULL,66),(898,'D535GEY274','Gutiérrez Velásquez, Pedro Luis',NULL,NULL,NULL,66),(899,'C256JIA275','Guzmán Reyes, Carmen Ximenna',NULL,NULL,NULL,49),(900,'E646PGH276','Guzmán Reyes, Cecilia Ivanova',NULL,NULL,NULL,39),(901,'277','Guzmán Reyes, María Regina',NULL,NULL,NULL,37),(902,'C123CHQ278','Hernández Ajpacajá, Yóselyn Amanda',NULL,NULL,NULL,72),(903,'C320LRD279','Hernández Caniz, Bryan Miguel Eduardo ',NULL,NULL,NULL,63),(904,'C922KGJ280','Hernández Guinea, Marvin Ezequiel',NULL,NULL,NULL,69),(905,'281','Hernández Marroquin, Esteban Josué Enrique ',NULL,NULL,NULL,37),(906,'B706IVG282','Hernández Pérez, Jonatan Federico ',NULL,NULL,NULL,66),(907,'F148SUD283','Hernández Poncio, Cristian Roberto',NULL,NULL,NULL,39),(908,'C920XMH284','Hernández Say, Joel Rafael',NULL,NULL,NULL,65),(909,'C422CYC285','Hernández Soch, José Armando ',NULL,NULL,NULL,59),(910,'C220WWR286','Hernández Velásquez, Benjamín Adalberto ',NULL,NULL,NULL,72),(911,'E143RAI287','Herrera Alvarado, Britany Shanel',NULL,NULL,NULL,46),(912,'C521NDX288','Herrera Tzoc, Cristian Fernando ',NULL,NULL,NULL,53),(913,'C121TIQ289','Ixcaquic Ajpacajá, Josué David ',NULL,NULL,NULL,62),(914,'C521XDZ290','Ixcaquic Ajpacajá, Vidalia Gabriela',NULL,NULL,NULL,65),(915,'C220CQF291','Ixcaquic Chovón, Karla Griscelda',NULL,NULL,NULL,66),(916,'C025ZWS292','Ixcaquic Zapeta, Cristian Manuel',NULL,NULL,NULL,62),(917,'C920FSJ293','Ixcaquic Zapeta, Julio Daniel',NULL,NULL,NULL,62),(918,'C289GZP294','Ixcaquic Zapeta, Pedro Alexander Giovani',NULL,NULL,NULL,63),(919,'C222RUA295','Ixchacchal Poncio, David Nathanael',NULL,NULL,NULL,64),(920,'C620HJA296','Ixchajchal Hernández, Paola Alejandra',NULL,NULL,NULL,50),(921,'C922RFG297','Ixpertay, Juan Armando',NULL,NULL,NULL,64),(922,'298','José Andrés, Francisco Adán',NULL,NULL,NULL,59),(923,'C321AIQ299','Juárez López, Reyna María del Tránsito',NULL,NULL,NULL,63),(924,'C220FYH300','Lacán Menchú, Gloria Judith',NULL,NULL,NULL,55),(925,'C210BZA301','Lemus Gutiérrez, Gabriela Jeaneth ',NULL,NULL,NULL,67),(926,'302','López Amado, Mishelle Samantha del Rocío',NULL,NULL,NULL,50),(927,'F463JLV303','López Guinea, Marcos Josúe',NULL,NULL,NULL,38),(928,'C820AEH304','López Gutiérrez, Imelda Magaly',NULL,NULL,NULL,72),(929,'C721QGD305','López Mayor, Saulo Ezequiel ',NULL,NULL,NULL,51),(930,'306','López Tax, Brittany Alexa',NULL,NULL,NULL,35),(931,'D298PNI307','López Tax, Hetziry Tamara',NULL,NULL,NULL,46),(932,'308','López Tíu, Natalia María Kenek',NULL,NULL,NULL,38),(933,'C123JJX309','López Yax, Evelyn Marina Elena',NULL,NULL,NULL,50),(934,'C620LHA210','Mejía Tahay, Edin Moises Adonías',NULL,NULL,NULL,48),(935,'C977GGL311','Menchú Caniz, Herlinda Maribel ',NULL,NULL,NULL,65),(936,'C622SRP312','Menchú de León, Mónica Marinelly',NULL,NULL,NULL,64),(937,'C620FHN313','Menchú de León, Nallely Noemí',NULL,NULL,NULL,62),(938,'D793GAH314','Menchú Gonón, René Antonio ',NULL,NULL,NULL,66),(939,'C222DBF315','Menchú Pretzantzín, Danilo Francisco',NULL,NULL,NULL,59),(940,'316','Menchú Tzul, Angélica Elizabeth',NULL,NULL,NULL,37),(941,'C022ZXM317','Menchú Yax, Marcos Miguel ',NULL,NULL,NULL,62),(942,'E486AHQ318','Méndez García, Alejandra Lucía',NULL,NULL,NULL,39),(943,'D389WGH319','Méndez García, Pedro Luis',NULL,NULL,NULL,47),(944,'H577YZB320','Méndez, Susan Mishell',NULL,NULL,NULL,40),(945,'321','Mendoza Hernández, Yesenia Anadelma',NULL,NULL,NULL,72),(946,'C638RLU322','Monroy Cifuentes, Rocío Guissell',NULL,NULL,NULL,52),(947,'D463MNN323','Monrroy Batz, Brenda Carmelina',NULL,NULL,NULL,67),(948,'C569YUY324','Morales Hernández, Cecilia Pamela',NULL,NULL,NULL,57),(949,'325','Morales Juárez, Milton Paul Antonio ',NULL,NULL,NULL,38),(950,'C622FRG326','Morales Pacheco, María Fernanda',NULL,NULL,NULL,48),(951,'D159NZZ327','Morales Pacheco, Meivilyn Suiber Olguita',NULL,NULL,NULL,46),(952,'C423VGW328','Mutz Pacheco, Edgar Rubén',NULL,NULL,NULL,64),(953,'C121SIQ329','Norato García, Wilmer Javi Daniel ',NULL,NULL,NULL,54),(954,'330','Norato Socop, Walter Francisco',NULL,NULL,NULL,37),(955,'C820ZEK331','Norato Solís, Edwin Emmanuel',NULL,NULL,NULL,62),(956,'C420MXA332','Norato Tzic, Karen Lourdes',NULL,NULL,NULL,50),(957,'C523XDT333','Ordóñez Ajucum, César David',NULL,NULL,NULL,65),(958,'C721PEP334','Ordóñez García, Cristian Armando',NULL,NULL,NULL,51),(959,'C521UDT335','Ovalle Zapet, Asmin Elizabeth ',NULL,NULL,NULL,55),(960,'C123LHG336','Pacheco Chavaloc, Wendy Michelle',NULL,NULL,NULL,50),(961,'E165XSF337','Pacheco Chavaloc, Wilson Cristopher Joseph',NULL,NULL,NULL,40),(962,'338','Pacheco López, Julia Balvina',NULL,NULL,NULL,56),(963,'C776KIS339','Pacheco Velásquez, Heidy Carolina ',NULL,NULL,NULL,62),(964,'D383MDG340','Palacios Escobar, Gabriela Anneliz',NULL,NULL,NULL,47),(965,'C521UDP341','Par García, Santos Lizardo ',NULL,NULL,NULL,53),(966,'342','Pascual José, América Yolanda',NULL,NULL,NULL,60),(967,'C123DHQ343','Paz Parada, Aury Susseth',NULL,NULL,NULL,47),(968,'C222PUQ344','Paz Parada, Jessika Paola ',NULL,NULL,NULL,52),(969,'E339UBQ345','Pérez Bulux, Brayan Adolfo',NULL,NULL,NULL,40),(970,'G336TTB346','Pérez Bulux, Lisa Yamileth',NULL,NULL,NULL,38),(971,'347','Pérez García, María Sebastiana',NULL,NULL,NULL,58),(972,'G143SVB348','Pérez Menchú, Angela María',NULL,NULL,NULL,38),(973,'C723HKV349','Pérez Menchú, Gerson',NULL,NULL,NULL,53),(974,'D970AIN350','Pérez Ramos, Susana Cecilia',NULL,NULL,NULL,67),(975,'C922UAB351','Pérez Sapón, Vicente Camilo',NULL,NULL,NULL,70),(976,'C521RCI352','Pérez Tumax, Erick Paúl',NULL,NULL,NULL,51),(977,'D832BDC353','Pérez Tzoc, Anderson Eduardo',NULL,NULL,NULL,47),(978,'C320RGE354','Pérez Tzul, Jaqueline Roxana ',NULL,NULL,NULL,55),(979,'D133XVV355','Pérez Vásquez, Jeferson Gabriel',NULL,NULL,NULL,47),(980,'C923FGT356','Pérez Vásquez, Nohelya Galilea ',NULL,NULL,NULL,52),(981,'C920ASQ357','Poncio Batz, Julio Yovani Elder',NULL,NULL,NULL,65),(982,'C424LZJ358','Poncio García, Alejandro René ',NULL,NULL,NULL,63),(983,'C222GUX359','Poncio García, Maritza Aracely',NULL,NULL,NULL,66),(984,'C018UCN360','Poncio García, Nancy Graciela Jazmín',NULL,NULL,NULL,54),(985,'C745VXQ361','Poncio Palaj, Enrique Daniel',NULL,NULL,NULL,48),(986,'C921ZWG362','Poncio Rosales, Marvin Alfredo',NULL,NULL,NULL,51),(987,'C922KAC363','Poncio Sic, Obed Emmanuel',NULL,NULL,NULL,53),(988,'C321NGI364','Pretzantzín Tax, Melvin Jorge Luis ',NULL,NULL,NULL,64),(989,'C891QPK365','Pu Puac, José Leonardo',NULL,NULL,NULL,48),(990,'E795WXB366','Pú Ramos, Deyanira Saraí',NULL,NULL,NULL,46),(991,'G094ZBL367','Pú Ramos, Samuel Adael',NULL,NULL,NULL,38),(992,'C063HAA368','Pú Ruiz, Brandon Freddy Fabricio',NULL,NULL,NULL,63),(993,'C423DJK369','Pú Ruiz, Kevin Shellton ',NULL,NULL,NULL,64),(994,'CO22RTM370','Puac Choxom, Kimberly Shellene',NULL,NULL,NULL,47),(995,'D727HEY371','Puac García, Agustín Román',NULL,NULL,NULL,59),(996,'C721IGY372','Puac Guinea, Carlos Alberto',NULL,NULL,NULL,64),(997,'C516ELW373','Puac Medina, Nancy Maribel',NULL,NULL,NULL,52),(998,'C222JTP374','Puac Rosales, Juan Santos Miguel',NULL,NULL,NULL,72),(999,'C920YKQ375','Puac Soch, Wendy Rosy',NULL,NULL,NULL,54),(1000,'D878PNJ376','Puac Teleguario, Malaquías Habacuc',NULL,NULL,NULL,46),(1001,'E964DMC377','Puac Teleguario, Nimssy Kyria',NULL,NULL,NULL,40),(1002,'C523AIU378','Puac Toc, Floridalma Paulina ',NULL,NULL,NULL,58),(1003,'C422JUN379','Puac Vásquez, Elisa Raquel',NULL,NULL,NULL,69),(1004,'C025ZWW380','Ramírez Ajché, Marvin Alexander Jesús ',NULL,NULL,NULL,53),(1005,'C922UCQ381','Ramírez Ajpacajá, Cristian Antonio',NULL,NULL,NULL,64),(1006,'C222ZVE382','Ramírez Batz, Emily Sarai ',NULL,NULL,NULL,52),(1007,'C123YKS383','Ramírez Tohom, Jeferson Francisco Aimar',NULL,NULL,NULL,53),(1008,'C521PDB384','Ramos Pacheco, Esdras David ',NULL,NULL,NULL,53),(1009,'C741DHE385','Robles Canastuj, Dary Mishell',NULL,NULL,NULL,52),(1010,'C420TIX386','Robles Canastuj, Juan Camilo Nicolás',NULL,NULL,NULL,49),(1011,'387','Rodas del Valle, Mariangel',NULL,NULL,NULL,49),(1012,'388','Rodas del Valle, Roberto Daniel',NULL,NULL,NULL,46),(1013,'D436MKV389','Rodríguez Chaclán, Eduardo Francisco',NULL,NULL,NULL,66),(1014,'C709PCL390','Rodríguez Rodríguez, Edgar Rigoberto',NULL,NULL,NULL,67),(1015,'D667NEL391','Rosales Arriola, Yeire Ziletaí',NULL,NULL,NULL,47),(1016,'392','Rosales Cop, Gladys Yolanda',NULL,NULL,NULL,60),(1017,'C066JQM393','Rosales Gutierrez, Brayan Steven',NULL,NULL,NULL,48),(1018,'C686VBQ394','Rosales Ixcaquic, Lidia Aracely',NULL,NULL,NULL,66),(1019,'C920PLU395','Rosales Méndez, Stephanie Elizabeth',NULL,NULL,NULL,63),(1020,'C623QMH396','Rosales Noriega, Zeniff José María',NULL,NULL,NULL,48),(1021,'C222NTD397','Rosales Pacheco, Milena Yahaira',NULL,NULL,NULL,50),(1022,'F648UXA398','Rosales Pérez, Abner Omar',NULL,NULL,NULL,39),(1023,'C521SDZ299','Rosales Pérez, Carmen Mishel',NULL,NULL,NULL,49),(1024,'C575VQL400','Rosales Pu, Carol Yanitza',NULL,NULL,NULL,50),(1025,'C425WSZ401','Rosales Rosales, Jorge Alejandro',NULL,NULL,NULL,63),(1026,'C721HFR402','Rosales Tax, Emerson Ronaldo',NULL,NULL,NULL,55),(1027,'C125JJU403','Rosales Tzoc, Elmer Israel ',NULL,NULL,NULL,48),(1028,'C922YBH404','Rosales Zapeta, Juan José',NULL,NULL,NULL,59),(1029,'E445GTP405','Samayoa Guinea, Erick José',NULL,NULL,NULL,46),(1030,'D951KPC406','Santizo Gutiérrez, Rudy Osvaldo',NULL,NULL,NULL,67),(1031,'F991BZT407','Santos Aguilar, Gabriel Jacob Alexander ',NULL,NULL,NULL,38),(1032,'C920KNH408','Sapón Ajpop, Yordi Carlos',NULL,NULL,NULL,54),(1033,'C760ZUV409','Sapón Alonzo, Bryan Josué Alberto',NULL,NULL,NULL,49),(1034,'C421PEC410','Sapón García, Vicenta Griscelda',NULL,NULL,NULL,60),(1035,'C321XJT411','Sapón Gutiérrez, Josue Ariel',NULL,NULL,NULL,69),(1036,'C191XMT412','Sapón Lorenzana, Linda Valesca',NULL,NULL,NULL,48),(1037,'D876IFP413','Sapón Poncio, Jesús Gregorio',NULL,NULL,NULL,67),(1038,'F292HRM414','Sapón Poncio, Salma Nayelí ',NULL,NULL,NULL,38),(1039,'C220GID415','Sapón Poncio, Yadhira Galilea',NULL,NULL,NULL,48),(1040,'C220IQN416','Sapón Xuruc, María Jeaneth',NULL,NULL,NULL,72),(1041,'417','Saquiché Hernández, Sckarlett Esther ',NULL,NULL,NULL,37),(1042,'D539UBA418','Saquimux Cua, Miguel Alexander',NULL,NULL,NULL,67),(1043,'D551SEB419','Say González,  Carlos Ángel Mario ',NULL,NULL,NULL,59),(1044,'C721JBI420','Say Ramírez, Lesly Vanessa',NULL,NULL,NULL,50),(1045,'C860JBZ421','Say Rosales, Victoria Mercedes',NULL,NULL,NULL,68),(1046,'C620CJS422','Sic Chanchavac, Angel Isaí',NULL,NULL,NULL,51),(1047,'E073TYH423','Soch Chuc, Keyla Natalí',NULL,NULL,NULL,46),(1048,'424','Soch Chuc, Pablo Eduardo',NULL,NULL,NULL,38),(1049,'425','Soch Soch, Emerson Rodrigo',NULL,NULL,NULL,37),(1050,'C711YAJ426','Socop Aguilar, Nehemías Eliseo',NULL,NULL,NULL,53),(1051,'C121FHZ427','Socop Rodríguez, Jonatan Abinadí',NULL,NULL,NULL,53),(1052,'D058FNU428','Socop Rodríguez, Melissa Saraí',NULL,NULL,NULL,48),(1053,'D547LMH429','Solís Flores, Yenifer Gabriela',NULL,NULL,NULL,58),(1054,'G494JAT5430','Sosa Martínez, Gabriel Emmanuel',NULL,NULL,NULL,37),(1055,'C929BLQ431','Tacam Batz, Erickson Leonardo',NULL,NULL,NULL,53),(1056,'C622MNX432','Tacam Batz, Helen Beatriz',NULL,NULL,NULL,50),(1057,'C023QLB433','Tacam Batz, Yulisa Gabriela',NULL,NULL,NULL,50),(1058,'C721RGL434','Tacam Canastuj, Santos Daniel Adolfo ',NULL,NULL,NULL,51),(1059,'E239JWK435','Tacam Carrillo, Jhonatán Misael',NULL,NULL,NULL,46),(1060,'C620ZLF436','Tacam Carrillo, Josué Daniel',NULL,NULL,NULL,53),(1061,'C022PZM437','Tacam Chaclán, Yésica Rosmery',NULL,NULL,NULL,63),(1062,'C822NZJ438','Tacam Cuá, Juan Carlos ',NULL,NULL,NULL,72),(1063,'E247PTC439','Tacam García, Alejandra Myrea',NULL,NULL,NULL,47),(1064,'440','Tacam González, Melanie Anelí',NULL,NULL,NULL,38),(1065,'C653VEM441','Tacam Gutiérrez, Marlon Yéferson',NULL,NULL,NULL,65),(1066,'C522YAH442','Tacam Poncio, Everson Yónatan',NULL,NULL,NULL,64),(1067,'E564XPY443','Tacam Puac, Sherlyn Margareth Isabel',NULL,NULL,NULL,46),(1068,'C622JRL444','Tacam Tohom, Cristian Alexander ',NULL,NULL,NULL,62),(1069,'C321JMF445','Tacam Velásquez, Bryan Emanuel ',NULL,NULL,NULL,59),(1070,'G997HLS446','Tahay Poncio, Lucía Yasmín',NULL,NULL,NULL,38),(1071,'E271QCF447','Tahay Velásquez, Mélany Esmeralda',NULL,NULL,NULL,46),(1072,'C622VPL448','Talé Gil, Vielka Yelitzé',NULL,NULL,NULL,52),(1073,'C656WBT499','Talé Pacheco, Margaret Meliza',NULL,NULL,NULL,48),(1074,'C726ZVF450','Tax Chaclán, Venancio Carlos Manuel',NULL,NULL,NULL,63),(1075,'C522MAJ451','Tax Chuc, Ana Deisy Yoselin ',NULL,NULL,NULL,62),(1076,'C422HWV452','Tax Gabriel, Carlos Enrique ',NULL,NULL,NULL,63),(1077,'C121GGE453','Tax Galindo, Angela Irene',NULL,NULL,NULL,49),(1078,'454','Tax Galindo, Fernanda Lisseth',NULL,NULL,NULL,55),(1079,'C923MST455','Tax García, Esteban Benjamín',NULL,NULL,NULL,49),(1080,'G862GPW456','Tax García, Lisbeth Viviana',NULL,NULL,NULL,39),(1081,'C821MDI457','Tax Pérez, Manuela Gregoria',NULL,NULL,NULL,63),(1082,'C820PIG458','Tax Yax, Herlinda Faustina',NULL,NULL,NULL,49),(1083,'G437MKH459','Tax Yax, Juan Daniel',NULL,NULL,NULL,38),(1084,'C413VPR460','Tipáz Velásquez, Gustavo Adolfo',NULL,NULL,NULL,62),(1085,'C608CJY461','Toc Ajpop, Jorge Antonio',NULL,NULL,NULL,57),(1086,'C123GGW462','Toc Poncio, Eswin Adolfo Gabriel',NULL,NULL,NULL,47),(1087,'E939ZHQ463','Toc Poncio, Yoseelyn Elizabeth',NULL,NULL,NULL,46),(1088,'464','Toc Tacam, Kevin Jonathan ',NULL,NULL,NULL,46),(1089,'C822BXJ465','Toc Talé, Gladys Rosmery',NULL,NULL,NULL,66),(1090,'C721RBT466','Toc Tzoc, Josefa Jacqueline',NULL,NULL,NULL,63),(1091,'C524FAF467','Tohom Celedón, Elmer Brayan Rafael',NULL,NULL,NULL,64),(1092,'C453SBQ768','Tohom Celedón, Telma Leticia del Rosario',NULL,NULL,NULL,62),(1093,'F188UEG469','Tohom Matzir, Alba Yuliana',NULL,NULL,NULL,39),(1094,'C424WJQ470','Tohom Tzunún, Ana Paola ',NULL,NULL,NULL,72),(1095,'C220AQL471','Tohom Zapeta, Jessica Lisbeth',NULL,NULL,NULL,52),(1096,'C422QTN472','Tohom Zapeta, Kimberly Mishell ',NULL,NULL,NULL,65),(1097,'C349WFY473','Toyom Gutiérrez, Cristian Enrique',NULL,NULL,NULL,69),(1098,'C122MAU474','Tumax Canastuj, Alondra Maybelí Mishel',NULL,NULL,NULL,63),(1099,'C220YXH475','Tumax Caníz, Luisa Magdalena ',NULL,NULL,NULL,60),(1100,'G857WVP476','Tumax Morales, Adil Marcos Fragani',NULL,NULL,NULL,46),(1101,'C121PIS477','Tumax Tax, Josué Miqueas ',NULL,NULL,NULL,62),(1102,'C822XWE478','Tumax Tzoc, Julio Antonio ',NULL,NULL,NULL,51),(1103,'E177DUS479','Tumax Tzul, Melany Karla Aracely',NULL,NULL,NULL,40),(1104,'C025GXB480','Tumax Vásquez, Juan Crístian',NULL,NULL,NULL,59),(1105,'C620NNF481','Turnil Guzmán, Auda Elizabeth',NULL,NULL,NULL,52),(1106,'C809FZQ482','Tzaquitzal Batz, María Esperanza ',NULL,NULL,NULL,66),(1107,'B906ICE483','Tzaquitzal Yax, Agustín Eduardo',NULL,NULL,NULL,67),(1108,'F846FPL484','Tzic Alvarez, Andy Héctor Josué',NULL,NULL,NULL,39),(1109,'C222HUG485','Tzic Alvarez, Yónatan Benjamín',NULL,NULL,NULL,72),(1110,'C260HJX486','Tzic Chavaloc, Edgar Steve ',NULL,NULL,NULL,62),(1111,'A502LKT487','Tzic Figueroa, Arley Fabricio',NULL,NULL,NULL,59),(1112,'C123UIU488','Tzic García, Jairo Abraham',NULL,NULL,NULL,51),(1113,'C321GGX489','Tzic Tahay, Guadalupe Marisol',NULL,NULL,NULL,64),(1114,'490','Tzicap Chaclán, Benedith Bosvely ',NULL,NULL,NULL,37),(1115,'C222KUN491','Tzoc Alvarado, Nancy Gabriela del Rocío',NULL,NULL,NULL,54),(1116,'E543ZIT492','Tzoc Barreno, Brandon Israel ',NULL,NULL,NULL,40),(1117,'C320EAX493','Tzoc Batz, Hasslyn Yeraldiny',NULL,NULL,NULL,60),(1118,'C083GHV494','Tzóc Cuá, Selvyn Leonardo',NULL,NULL,NULL,51),(1119,'C123JHQ495','Tzoc Rosales, Cristan Emilio',NULL,NULL,NULL,51),(1120,'C609XXJ496','Tzoc Rosales, Fernando Reginaldo',NULL,NULL,NULL,67),(1121,'C858WWM497','Tzoc Tzoc, Elida Estefaní',NULL,NULL,NULL,52),(1122,'C822YWE498','Tzoc Tzoc, Elmer Adrián',NULL,NULL,NULL,51),(1123,'C025JVD499','Tzoc Tzul, Eduardo Rafael',NULL,NULL,NULL,53),(1124,'C723JDS500','Tzoc Tzul, Yoselin Isabel',NULL,NULL,NULL,50),(1125,'C740PUZ501','Tzoc Zapeta, Angélica Carolina',NULL,NULL,NULL,54),(1126,'C920RLL502','Tzoy Cac, Laura Magdalena',NULL,NULL,NULL,52),(1127,'C121QIG503','Tzul Barreno, Yónatan Feliciano Alexander',NULL,NULL,NULL,69),(1128,'C623FDJ504','Tzul Cano, Luis Laureano',NULL,NULL,NULL,53),(1129,'C358NTF505','Tzul Itzep, Cristina Rosario ',NULL,NULL,NULL,72),(1130,'C620EKU506','Tzul Pacheco, Angela Saraí',NULL,NULL,NULL,49),(1131,'C542AWR507','Tzul Pacheco, Lourdes Isabel',NULL,NULL,NULL,54),(1132,'508','Tzul Quiché, Evelyn Gabriela',NULL,NULL,NULL,36),(1133,'C721RIU509','Tzul Rodríguez, Kenia Ismary',NULL,NULL,NULL,62),(1134,'510','Tzul Tzoc, Alessandra Abigail',NULL,NULL,NULL,37),(1135,'D498SGC511','Tzul Velásco, Karina Rafaela',NULL,NULL,NULL,60),(1136,'D848DBD512','Tzul Velásquez, Jeff Orlando',NULL,NULL,NULL,46),(1137,'C721LBD513','Tzul Yax, Denilson Miguel ',NULL,NULL,NULL,53),(1138,'514','Tzunún Menchú, Jennifer María Astrid ',NULL,NULL,NULL,60),(1139,'C525WJI515','Tzunún Tumax, Guillermo Ismael',NULL,NULL,NULL,51),(1140,'F993YEZ516','Tzunux Tzoc, Lisandro Mauricio Emanuel',NULL,NULL,NULL,38),(1141,'F326RDB517','Us Ajpop, Anderson Nicolas ',NULL,NULL,NULL,40),(1142,'D895ZIZ518','Vásquez Aguilar, Julián Carlos',NULL,NULL,NULL,67),(1143,'C220ARA519','Vásquez Batz, Carlos Josué',NULL,NULL,NULL,55),(1144,'C022HXF520','Vásquez Batz, Keily Melissa',NULL,NULL,NULL,55),(1145,'C521JDG521','Vásquez Caxaj, Patricia Beatriz',NULL,NULL,NULL,54),(1146,'E243URI522','Vásquez Chávez, Dalila María Petronila',NULL,NULL,NULL,47),(1147,'C20SRF523','Vásquez Gutiérrez, Osvaldo Enrique',NULL,NULL,NULL,53),(1148,'F663HUT524','Vásquez Puac, Sheyla Vanesa Paula',NULL,NULL,NULL,40),(1149,'  C222KVC525','Vásquez Ramírez, Cristian Osvaldo',NULL,NULL,NULL,54),(1150,'C559ICY526','Vásquez Talé, Francisco Gonzalo ',NULL,NULL,NULL,65),(1151,'C422YTK528','Vásquez Vásquez, Lesli Zucely',NULL,NULL,NULL,52),(1152,'D393TRA529','Vásquez Yax, César Eduardo',NULL,NULL,NULL,46),(1153,'C922KKU530','Vásquez Yax, Jonathán Juan José',NULL,NULL,NULL,47),(1154,'E459BVU531','Vega Martínez, Krystel Alejandra',NULL,NULL,NULL,46),(1155,'C220HSG532','Velásquez  Zapeta, Evelyn Catarina',NULL,NULL,NULL,56),(1156,'C220HZL533','Velásquez Barreno, Ronaldo Edinio',NULL,NULL,NULL,62),(1157,'534','Velásquez Bulux, Fredy Oswaldo',NULL,NULL,NULL,64),(1158,'F034SBL535','Velásquez Cuá, David Emmanuel',NULL,NULL,NULL,46),(1159,'C874HZQ536','Velásquez Cuá, Karla Patricia',NULL,NULL,NULL,50),(1160,'C821QYS537','Velásquez Gutiérrez, Kevin Josué',NULL,NULL,NULL,64),(1161,'G638LDL538','Velásquez Menchú, Brayan Daniel',NULL,NULL,NULL,38),(1162,'C342BXK539','Velásquez Menchú, Josué Rubén Aldair',NULL,NULL,NULL,49),(1163,'C620ZJL540','Velásquez Ramos, Yóselin Maricel',NULL,NULL,NULL,66),(1164,'541','Velásquez Tzaquitzal, Baltazar Adolfo',NULL,NULL,NULL,70),(1165,'C021TIT542','Velásquez Velásquez, Gerson Antonio',NULL,NULL,NULL,62),(1166,'D340AUY543','Véliz Reyes, Luis Manuel',NULL,NULL,NULL,69),(1167,'C920EKT544','Xalix Xic, Brenda Petronila Olivia',NULL,NULL,NULL,58),(1168,'C920CMT545','Xoxom de León, Ana Elízabeth',NULL,NULL,NULL,56),(1169,'F548RRP546','Xuruc Batz, Dewblyn David',NULL,NULL,NULL,38),(1170,'D595EQI547','Xuruc Batz, Shirley Giselle',NULL,NULL,NULL,46),(1171,'C522BRA548','Xuruc Canastuj, Yéssica Yohana',NULL,NULL,NULL,55),(1172,'C320JAJ549','Xuruc Ordóñez, Antonia Roxana',NULL,NULL,NULL,54),(1173,'C133QVH550','Xuruc Ordóñez, Pedro Josué',NULL,NULL,NULL,67),(1174,'C422XWV551','Xurux Solís, Juan Miguel Antonio',NULL,NULL,NULL,59),(1175,'F599MUU552','Yat Socop, Justin Alexander',NULL,NULL,NULL,40),(1176,'553','Yax Ajpacajá, Cruz Maynor Ismael',NULL,NULL,NULL,47),(1177,'C524GAD554','Yax Pacheco, Héctor Gustavo',NULL,NULL,NULL,66),(1178,'C622KRP555','Yax Pacheco, Hermelinda Aracely',NULL,NULL,NULL,55),(1179,'556','Yax Sapón, Edeline Alejandra',NULL,NULL,NULL,36),(1180,'C599PHQ557','Yax Say, Viviana Mariela',NULL,NULL,NULL,58),(1181,'D373IBU588','Yax Tahay, María Rafaela',NULL,NULL,NULL,67),(1182,'C920DNQ559','Yax Tax, Yésica Paola',NULL,NULL,NULL,63),(1183,'C158PKT560','Yax Tzic, Jonathán Miguel',NULL,NULL,NULL,64),(1184,'F041KGC561','Yax Tzoc, Eddy Lisandro Adalberto',NULL,NULL,NULL,39),(1185,'C893CJA562','Yax Tzul, Keila Abigaíl',NULL,NULL,NULL,50),(1186,'C425ISS563','Yax Tzul, Pedro Alejandro',NULL,NULL,NULL,72),(1187,'D181QLV564','Yax Tzunún, Amarilis Greyssy',NULL,NULL,NULL,67),(1188,'C521KBX565','Zapeta Calel, Allan Elí',NULL,NULL,NULL,62),(1189,'C320FBW566','Zapeta Canastuj, Maribel Marcelina',NULL,NULL,NULL,57),(1190,'C209UWZ567','Zapeta García, Juan Fernado',NULL,NULL,NULL,69),(1191,'C320FAX568','Zapeta Menchú, Ana Elizabeth',NULL,NULL,NULL,54),(1192,'F076LXX569','Zapeta Poncio, Cristopher Julio Roberto',NULL,NULL,NULL,39),(1193,'D332LIF570','Zapeta Poncio, Steven Joel Alejandro',NULL,NULL,NULL,48),(1194,'G842HNL571','Zapeta Tax, Melany Alejandra',NULL,NULL,NULL,38),(1195,'B806TTX572','Zuñiga Hernández, José Eligio',NULL,NULL,NULL,66);
/*!40000 ALTER TABLE `Estudiantes` ENABLE KEYS */;
UNLOCK TABLES;

--
-- Table structure for table `Grados`
--

DROP TABLE IF EXISTS `Grados`;
/*!40101 SET @saved_cs_client     = @@character_set_client */;
/*!40101 SET character_set_client = utf8 */;
CREATE TABLE `Grados` (
  `idGrado` int(11) NOT NULL AUTO_INCREMENT,
  `nombreGrado` varchar(100) DEFAULT NULL,
  `grado_seccion` varchar(1) DEFAULT NULL,
  `jornada` varchar(15) DEFAULT NULL,
  `Anio_idanio` int(11) NOT NULL,
  PRIMARY KEY (`idGrado`),
  KEY `fk_Grados_Anio1_idx` (`Anio_idanio`),
  CONSTRAINT `fk_Grados_Anio1` FOREIGN KEY (`Anio_idanio`) REFERENCES `Anio` (`idanio`) ON DELETE NO ACTION ON UPDATE NO ACTION
) ENGINE=InnoDB AUTO_INCREMENT=73 DEFAULT CHARSET=utf8;
/*!40101 SET character_set_client = @saved_cs_client */;

--
-- Dumping data for table `Grados`
--

LOCK TABLES `Grados` WRITE;
/*!40000 ALTER TABLE `Grados` DISABLE KEYS */;
INSERT INTO `Grados` VALUES (1,'Quinto Bachillerato','A','Matutina',1),(2,'Primero Basico','A','Matutina',1),(3,'Primero Basico','B','Matutina',1),(4,'Segundo Basico','A','Matutina',1),(5,'Segundo Basico','B','Matutina',1),(6,'Tercero Basico','A','Matutina',1),(7,'Tercero Basico','B','Matutina',1),(8,'Cuarto Bachillerato en Ciencias y Letras con Orientación en Turismo','A','Matutina',1),(9,'Primero Basico','A','Vespertina',1),(10,'Segundo Basico','A','Vespertina',1),(11,'Tercero Basico','A','Vespertina',1),(12,'Cuarto Bachillerato en Ciencias y Letras con Orientación en Diseño Gráfico','A','Vespertina',1),(13,'Cuarto Bachillerato en Ciencias y Letras con Orientación en Electricidad','A','Vespertina',1),(14,'Cuarto Bachillerato en Ciencias y Letras con Orientación en Productividad y','A','Doble',1),(15,'Quinto Bachillerato en Ciencias y Letras con Orientación en Productividad y','A','Doble',1),(16,'Cuarto Bachillerato en Ciencias y Letras con Orientación en Educación Music','A','Doble',1),(17,'Quinto Bachillerato en Ciencias y Letras con Orientación en Educación Music','A','Doble',1),(18,'Quinto Bachillerato en Ciencias y Letras con Orientación en Diseño Gráfico','A','Vespertina',1),(19,'5o. Bachillerato en Ciencias y Letras con Orientación en Electricidad','A','Vespertina',1),(20,'Kinder','A','Matutina',1),(21,'Parvulos','A','Matutina',1),(22,'Preparatoria','A','Matutina',1),(23,'Primero','A','Matutina',1),(24,'Primero','B','Matutina',1),(25,'Segundo','A','Matutina',1),(26,'Segundo','B','Matutina',1),(27,'Tercero','A','Matutina',1),(28,'Cuarto','A','Matutina',1),(29,'Quinto','A','Matutina',1),(30,'Sexto','A','Matutina',1),(31,'Cuarto Perito Contador con Orientación en Computación','A','Matutina',1),(32,'Quinto Perito Contador con Orientación en Computación','A','Matutina',1),(33,'Sexto Perito Contador con Orientación en Computación','A','Matutina',1),(35,'Kinder','A','Matutina',2),(36,'Párvulos ','A','Matutina',2),(37,'Preparatoria','A','Matutina',2),(38,'Primero Primaria','A','Matutina',2),(39,'Segundo Primaria','A','Matutina',2),(40,'Segundo Primaria','B','Matutina',2),(46,'Tercero Primaria','A','Matutina',2),(47,'Cuarto Primaria','A','Matutina',2),(48,'Quinto Primaria','A','Matutina',2),(49,'Sexto Primaria','A','Matutina',2),(50,'Primero Básico','A','Matutina',2),(51,'Primero Básico','B','Matutina',2),(52,'Segundo Básico','A','Matutina',2),(53,'Segundo Básico','B','Matutina',2),(54,'Tercero Básico','A','Matutina',2),(55,'Tercero Básico','B','Matutina',2),(56,'4to. Bachillerato en Ciencias y Letras con Orientación en Turismo','A','Matutina',2),(57,'5to. Bachillerato en Ciencias y Letras con Orientación en Turismo','A','Matutina',2),(58,'4o. Bachillerato en Ciencias y Letras con Orientación en Productividad y Desarrollo','A','Doble',2),(59,'4o. Bachillerato en Ciencias y Letras con Orientación en Educación Musical','A','Doble',2),(60,'5o. Bachillerato en Ciencias y Letras con Orientación en Productividad y Desarrollo','A','Doble',2),(61,'5o. Bachillerato en Ciencias y Letras con Orientación en Educación Musical','A','Doble',2),(62,'Primero Básico','A','Vespertina',2),(63,'Segundo Básico','A','Vespertina',2),(64,'Tercero Básico','A','Vespertina',2),(65,'4o. Perito Contador con Orientación en Computación','A','Vespertina',2),(66,'5o. Perito Contador con Orientación en Computación','A','Vespertina',2),(67,'6o. Perito Contador con Orientación en Computación','A','Vespertina',2),(68,'4o. Bachillerato en Ciencias y Letras con Orientación en Diseño Gráfico','A','Vespertina',2),(69,'5o. Bachillerato en Ciencias y Letras con Orientación en Diseño Gráfico','A','Vespertina',2),(70,'5o. Bachillerato en Ciencias y Letras con Orientación en Electricidad','A','Vespertina',2),(72,'4o. Perito Contador con Orientación en Computación','B','Vespertina',2);
/*!40000 ALTER TABLE `Grados` ENABLE KEYS */;
UNLOCK TABLES;

--
-- Table structure for table `Horarios`
--

DROP TABLE IF EXISTS `Horarios`;
/*!40101 SET @saved_cs_client     = @@character_set_client */;
/*!40101 SET character_set_client = utf8 */;
CREATE TABLE `Horarios` (
  `dia_periodo` varchar(45) DEFAULT NULL,
  `hora_inicio` varchar(45) DEFAULT NULL,
  `hora_finalizacion` varchar(45) DEFAULT NULL,
  `Periodos_docentes_id_periodos_docentes` int(11) NOT NULL,
  KEY `fk_Horarios_Periodos_docentes1_idx` (`Periodos_docentes_id_periodos_docentes`),
  CONSTRAINT `fk_Horarios_Periodos_docentes1` FOREIGN KEY (`Periodos_docentes_id_periodos_docentes`) REFERENCES `Periodos_docentes` (`id_periodos_docentes`) ON DELETE NO ACTION ON UPDATE NO ACTION
) ENGINE=InnoDB DEFAULT CHARSET=utf8;
/*!40101 SET character_set_client = @saved_cs_client */;

--
-- Dumping data for table `Horarios`
--

LOCK TABLES `Horarios` WRITE;
/*!40000 ALTER TABLE `Horarios` DISABLE KEYS */;
/*!40000 ALTER TABLE `Horarios` ENABLE KEYS */;
UNLOCK TABLES;

--
-- Table structure for table `Materias`
--

DROP TABLE IF EXISTS `Materias`;
/*!40101 SET @saved_cs_client     = @@character_set_client */;
/*!40101 SET character_set_client = utf8 */;
CREATE TABLE `Materias` (
  `idMateria` int(11) NOT NULL,
  `nombreMateria` varchar(150) DEFAULT NULL,
  PRIMARY KEY (`idMateria`)
) ENGINE=InnoDB DEFAULT CHARSET=utf8;
/*!40101 SET character_set_client = @saved_cs_client */;

--
-- Dumping data for table `Materias`
--

LOCK TABLES `Materias` WRITE;
/*!40000 ALTER TABLE `Materias` DISABLE KEYS */;
INSERT INTO `Materias` VALUES (1,'Computación'),(2,'L-1 Idioma Materno'),(3,'L-2 Segundo Idioma'),(4,'Idioma Extranjero Inglés'),(5,'Tecnología de Información y Comunicación'),(6,'Matemáticas'),(7,'Ciencias Naturales'),(8,'Ciencias Sociales y Formación Ciudadana'),(9,'Formación Musical'),(10,'Artes Plásticas'),(11,'Danza y Expresión Corporal'),(12,'Teatro'),(13,'Educación para el Hogar'),(14,'Artes Industriales'),(15,'Contabilidad'),(16,'Educación Física'),(17,'Educación Bíblica y Valores'),(18,'Lengua y Literatura 4'),(19,'Comunicación y Lenguaje L3 (Inglés Técnico) 4'),(20,'Tecnologías de la Información '),(21,'Matemática 4'),(22,'Física'),(23,'Ciencias Sociales y Formación Ciudadana 4'),(24,'Psicología Industrial'),(25,'Historia del Arte I'),(26,'Filosofía'),(27,'Fundamentación del Diseño'),(28,'Cromatología del Color'),(29,'Diseño Gráfico Computarizado I'),(30,'Elaboración y Gestión de Proyectos Educativos'),(31,'Estadística Descriptiva'),(32,'Electricidad Básica y Electrom'),(33,'Circuitos Eléctricos y su Inst'),(34,'Lengua y Literatura en L1'),(35,'Comunicación y Lenguaje L2 Segundo Idioma Nacional'),(36,'Comunicación y Lenguaje L3 Inglés'),(37,'Psicología'),(38,'Elaboración y Gestión de Proyectos'),(39,'Fundamentos de Pedagogía'),(40,'Estrategias de Aprendizaje'),(41,'Alimentación Sostenible y Sustentable'),(42,'Artesanías'),(43,'Industria Textil y Confección de Prendas de Vestir'),(44,'Tecnologías de la Información y la Comunicación 4'),(45,'Biología'),(46,'Química'),(47,'Ciencia y Tecnología de los Pueblos'),(48,'Psicología Evolutiva'),(49,'Identidad y Profesión Docente'),(50,'Seminario aplicado a la Educación'),(51,'Alimentación y Nutrición'),(52,'Fundamentos de Diseño y Alta Costura'),(53,'Administración de Empresas'),(54,'Lenguaje Musical'),(55,'Danza y Movimiento Corporal'),(56,'Educación de la Voz y Canto Coral'),(57,'Ensamble Instrumental'),(58,'Piano'),(59,'Guitarra'),(60,'Marimba'),(61,'Productividad y Desarrollo'),(62,'Apreciación Musical'),(63,'Práctica Supervisada'),(64,'Lengua y Literatura 5'),(65,'Comunicación y Lenguaje L3 (Inglés Técnico) 5'),(66,'Tecnologías de la Información y la Comunicación aplicadas a la Educación'),(67,'Matemática 5'),(68,'Ciencias Sociales y Formación Ciudadana 5'),(69,'Historia del Arte II'),(70,'Diseño y Expresión Gráfica'),(72,'Seminario'),(73,'Instalación y Control de Motores Eléctricos'),(74,'Instalaciones Eléctricas'),(75,'Ética Profesional y Relaciones Humanas'),(77,'Párvulos'),(78,'Preparatoria'),(80,'Inglés'),(81,'Computación'),(82,'Contabilidad de Sociedades'),(83,'Matemática Comercial'),(84,'Fundamentos de Derecho'),(85,'Inglés Comercial I'),(86,'Redacción y Correspondencia Mercantil'),(87,'Introducción a la Economía'),(88,'Caligrafía y Ortografía'),(89,'Administración y Organización de Oficina'),(90,'Computación I'),(91,'Programación I'),(92,'Contabilidad de Costos'),(93,'Cálculo Mercantil y Financiero'),(94,'Inglés Comercial'),(95,'Legislación Fiscal y Aduanal'),(96,'Finanzas Públicas'),(97,'Geografía Económica'),(98,'Catalogación y Archivo'),(99,'Mecanografía'),(100,'Contabilidad Bancaria'),(101,'Estadística Comercial'),(102,'Contabilidad Gubernamental Integrada'),(103,'Organización de Empresas'),(104,'Auditoría'),(105,'Derecho Mercantil y Nociones de Derecho Laboral'),(106,'Seminario Sobre Problemas Socioeconómicos de Guatemala'),(107,'Paradigmas Educativos'),(108,'Desarrollo Comunitario'),(109,'Técnicas de Conducción Turística'),(110,'Administración Turística'),(111,'Expresión Artística'),(112,'General'),(113,'K\'iche\''),(114,'Algebra'),(115,'Contabilidad General'),(116,'Técnicas de Funcionamiento Hotelero'),(117,'Administración Hotelera'),(118,'Tecnologías de la Información y la Comunicación 5'),(119,'Diseño Gráfico Computarizado II');
/*!40000 ALTER TABLE `Materias` ENABLE KEYS */;
UNLOCK TABLES;

--
-- Table structure for table `Nota_tareas`
--

DROP TABLE IF EXISTS `Nota_tareas`;
/*!40101 SET @saved_cs_client     = @@character_set_client */;
/*!40101 SET character_set_client = utf8 */;
CREATE TABLE `Nota_tareas` (
  `Punteo_Tarea` int(11) DEFAULT NULL,
  `ObservacionTarea` varchar(300) DEFAULT NULL,
  `Tareas_idTarea` int(11) NOT NULL,
  `Estudiantes_idEstudiante` int(11) NOT NULL,
  KEY `fk_Notas_has_Tareas_Tareas1_idx` (`Tareas_idTarea`),
  KEY `fk_Nota_tareas_Estudiantes1_idx` (`Estudiantes_idEstudiante`),
  CONSTRAINT `fk_Notas_has_Tareas_Tareas1` FOREIGN KEY (`Tareas_idTarea`) REFERENCES `Tareas` (`idTarea`) ON DELETE NO ACTION ON UPDATE NO ACTION,
  CONSTRAINT `fk_Nota_tareas_Estudiantes1` FOREIGN KEY (`Estudiantes_idEstudiante`) REFERENCES `Estudiantes` (`idEstudiante`) ON DELETE NO ACTION ON UPDATE NO ACTION
) ENGINE=InnoDB DEFAULT CHARSET=utf8;
/*!40101 SET character_set_client = @saved_cs_client */;

--
-- Dumping data for table `Nota_tareas`
--

LOCK TABLES `Nota_tareas` WRITE;
/*!40000 ALTER TABLE `Nota_tareas` DISABLE KEYS */;
INSERT INTO `Nota_tareas` VALUES (10,'',98,265),(0,'',99,265),(5,'',98,266),(2,'',99,266),(8,'',98,267),(10,'',99,267),(78,'',98,268),(5,'',99,268),(8,'',98,269),(8,'',98,270),(2,'',99,270),(18,'',98,271),(10,'',102,265),(20,'',103,265),(15,'',102,266),(20,'',103,266),(10,'',102,267),(10,'',102,268),(10,'',102,269),(20,'',102,270),(25,'',104,733),(18,'',105,627),(20,'',105,649),(18,'',106,671);
/*!40000 ALTER TABLE `Nota_tareas` ENABLE KEYS */;
UNLOCK TABLES;

--
-- Table structure for table `NotasFinales`
--

DROP TABLE IF EXISTS `NotasFinales`;
/*!40101 SET @saved_cs_client     = @@character_set_client */;
/*!40101 SET character_set_client = utf8 */;
CREATE TABLE `NotasFinales` (
  `primerBimestre` int(11) NOT NULL,
  `segundoBimestre` int(11) NOT NULL,
  `tercerBimestres` int(11) NOT NULL,
  `cuartoBimestre` int(11) NOT NULL,
  `quintoBimestre` int(11) NOT NULL,
  `promedio` int(11) NOT NULL,
  `resultado` varchar(25) DEFAULT NULL,
  `Estudiantes_idEstudiante` int(11) NOT NULL,
  `Periodos_docentes_id_periodos_docentes` int(11) NOT NULL,
  KEY `Estudiantes_idEstudiante` (`Estudiantes_idEstudiante`),
  KEY `Periodos_docentes_id_periodos_docentes` (`Periodos_docentes_id_periodos_docentes`),
  CONSTRAINT `NotasFinales_ibfk_1` FOREIGN KEY (`Estudiantes_idEstudiante`) REFERENCES `Estudiantes` (`idEstudiante`),
  CONSTRAINT `NotasFinales_ibfk_2` FOREIGN KEY (`Periodos_docentes_id_periodos_docentes`) REFERENCES `Periodos_docentes` (`id_periodos_docentes`)
) ENGINE=InnoDB DEFAULT CHARSET=utf8;
/*!40101 SET character_set_client = @saved_cs_client */;

--
-- Dumping data for table `NotasFinales`
--

LOCK TABLES `NotasFinales` WRITE;
/*!40000 ALTER TABLE `NotasFinales` DISABLE KEYS */;
INSERT INTO `NotasFinales` VALUES (20,0,0,0,0,0,NULL,404,152),(15,0,0,0,0,0,NULL,405,152),(22,0,0,0,0,0,NULL,406,152),(0,0,0,0,0,0,NULL,407,152),(0,0,0,0,0,0,NULL,408,152),(0,0,0,0,0,0,NULL,409,152),(0,0,0,0,0,0,NULL,410,152),(0,0,0,0,0,0,NULL,411,152),(0,0,0,0,0,0,NULL,412,152),(0,0,0,0,0,0,NULL,413,152),(0,0,0,0,0,0,NULL,414,152),(0,0,0,0,0,0,NULL,415,152),(0,0,0,0,0,0,NULL,416,152),(0,0,0,0,0,0,NULL,417,152),(0,0,0,0,0,0,NULL,418,152),(0,0,0,0,0,0,NULL,419,152),(0,0,0,0,0,0,NULL,420,152),(0,0,0,0,0,0,NULL,421,152),(0,0,0,0,0,0,NULL,422,152),(0,0,0,0,0,0,NULL,423,152),(0,0,0,0,0,0,NULL,424,152);
/*!40000 ALTER TABLE `NotasFinales` ENABLE KEYS */;
UNLOCK TABLES;

--
-- Table structure for table `Parciales`
--

DROP TABLE IF EXISTS `Parciales`;
/*!40101 SET @saved_cs_client     = @@character_set_client */;
/*!40101 SET character_set_client = utf8 */;
CREATE TABLE `Parciales` (
  `idParcial` int(11) NOT NULL AUTO_INCREMENT,
  `noParcial` int(11) NOT NULL,
  `notaParcial` int(11) DEFAULT NULL,
  `idEstudiante` int(11) NOT NULL,
  `idCurso` int(11) NOT NULL,
  PRIMARY KEY (`idParcial`),
  KEY `idEstudiante` (`idEstudiante`),
  KEY `idCurso` (`idCurso`),
  CONSTRAINT `Parciales_ibfk_1` FOREIGN KEY (`idEstudiante`) REFERENCES `Estudiantes` (`idEstudiante`) ON DELETE NO ACTION ON UPDATE NO ACTION,
  CONSTRAINT `Parciales_ibfk_2` FOREIGN KEY (`idCurso`) REFERENCES `Periodos_docentes` (`id_periodos_docentes`) ON DELETE NO ACTION ON UPDATE NO ACTION
) ENGINE=InnoDB AUTO_INCREMENT=174 DEFAULT CHARSET=utf8;
/*!40101 SET character_set_client = @saved_cs_client */;

--
-- Dumping data for table `Parciales`
--

LOCK TABLES `Parciales` WRITE;
/*!40000 ALTER TABLE `Parciales` DISABLE KEYS */;
INSERT INTO `Parciales` VALUES (109,1,15,265,52),(110,1,18,266,52),(111,1,20,267,52),(112,1,15,268,52),(113,1,14,269,52),(114,1,16,270,52),(115,1,17,271,52),(116,1,15,272,52),(117,1,12,273,52),(118,1,7,274,52),(119,1,11,275,52),(120,1,14,276,52),(121,1,12,277,52),(122,1,13,278,52),(123,1,16,279,52),(124,1,5,280,52),(125,1,40,404,154),(126,1,15,405,152),(127,1,20,406,152),(128,1,24,407,152),(129,1,23,408,152),(130,1,20,409,152),(131,2,50,265,52),(132,2,50,266,52),(133,2,13,404,152),(134,2,8,405,152),(135,2,12,406,152),(136,2,13,404,152),(137,2,8,405,152),(138,2,12,406,152),(139,1,20,404,152),(140,1,20,404,152),(141,1,10,265,3),(142,1,18,266,3),(143,1,6,267,3),(144,1,8,268,3),(145,1,3,269,3),(146,1,2,270,3),(147,1,78,271,3),(148,1,45,272,3),(149,1,12,273,3),(150,1,30,274,3),(151,1,18,275,3),(152,1,30,276,3),(153,1,20,277,3),(154,1,78,278,3),(155,1,10,279,3),(156,1,10,280,3),(157,1,10,286,4),(158,1,18,287,4),(159,1,30,288,4),(160,1,12,289,4),(161,1,30,290,4),(162,2,85,394,8),(163,2,18,265,3),(164,2,20,266,3),(165,2,30,267,3),(166,2,17,268,3),(167,2,13,269,3),(168,2,18,270,3),(169,2,17,271,3),(170,2,13,272,3),(171,2,16,273,3),(172,2,60,733,562),(173,2,15,627,482);
/*!40000 ALTER TABLE `Parciales` ENABLE KEYS */;
UNLOCK TABLES;

--
-- Table structure for table `Periodos_docentes`
--

DROP TABLE IF EXISTS `Periodos_docentes`;
/*!40101 SET @saved_cs_client     = @@character_set_client */;
/*!40101 SET character_set_client = utf8 */;
CREATE TABLE `Periodos_docentes` (
  `id_periodos_docentes` int(11) NOT NULL AUTO_INCREMENT,
  `Grados_idGrado` int(11) NOT NULL,
  `Docentes_idDocente` int(11) NOT NULL,
  `Materias_idMateria` int(11) NOT NULL,
  PRIMARY KEY (`id_periodos_docentes`),
  KEY `fk_Periodos_docentes_Grados1_idx` (`Grados_idGrado`),
  KEY `fk_Periodos_docentes_Docentes1_idx` (`Docentes_idDocente`),
  KEY `fk_Periodos_docentes_Materias1_idx` (`Materias_idMateria`),
  CONSTRAINT `fk_Periodos_docentes_Grados1` FOREIGN KEY (`Grados_idGrado`) REFERENCES `Grados` (`idGrado`) ON DELETE NO ACTION ON UPDATE NO ACTION,
  CONSTRAINT `fk_Periodos_docentes_Docentes1` FOREIGN KEY (`Docentes_idDocente`) REFERENCES `Docentes` (`idDocente`) ON DELETE NO ACTION ON UPDATE NO ACTION,
  CONSTRAINT `fk_Periodos_docentes_Materias1` FOREIGN KEY (`Materias_idMateria`) REFERENCES `Materias` (`idMateria`) ON DELETE NO ACTION ON UPDATE NO ACTION
) ENGINE=InnoDB AUTO_INCREMENT=815 DEFAULT CHARSET=utf8;
/*!40101 SET character_set_client = @saved_cs_client */;

--
-- Dumping data for table `Periodos_docentes`
--

LOCK TABLES `Periodos_docentes` WRITE;
/*!40000 ALTER TABLE `Periodos_docentes` DISABLE KEYS */;
INSERT INTO `Periodos_docentes` VALUES (1,1,1,1),(3,2,2,12),(4,3,2,12),(5,4,2,12),(6,5,2,12),(7,6,2,12),(8,7,2,12),(9,8,2,26),(10,8,2,75),(11,9,2,12),(12,10,2,12),(13,11,2,12),(14,12,2,26),(15,13,2,26),(16,14,2,26),(17,14,2,39),(18,14,2,40),(19,15,2,49),(20,15,2,107),(21,16,2,54),(22,16,2,26),(23,16,2,56),(24,16,2,57),(25,16,2,59),(26,16,2,60),(27,16,2,39),(28,16,2,40),(29,17,2,54),(30,17,2,49),(31,17,2,26),(32,17,2,56),(33,17,2,57),(34,17,2,58),(35,17,2,59),(36,17,2,60),(37,17,2,107),(38,17,2,63),(39,18,2,23),(40,19,2,23),(41,31,2,88),(42,33,2,75),(44,2,49,2),(45,2,50,3),(46,2,95,4),(47,2,53,5),(48,2,54,6),(49,2,55,7),(50,2,55,8),(51,2,56,9),(52,2,57,10),(53,2,58,11),(54,2,59,13),(55,2,60,14),(56,2,60,15),(57,2,58,16),(58,2,61,17),(59,3,49,2),(60,3,50,3),(61,3,95,4),(62,3,53,5),(63,3,54,6),(64,3,55,7),(65,3,55,8),(66,3,56,9),(67,3,57,10),(68,3,58,11),(69,3,59,13),(70,3,60,14),(71,3,60,15),(72,3,58,16),(73,3,61,17),(74,4,50,2),(75,4,50,3),(76,4,95,4),(77,4,53,5),(78,4,54,6),(79,4,50,7),(80,4,53,8),(81,4,55,9),(82,4,57,10),(83,4,58,11),(84,4,59,13),(85,4,60,14),(86,4,60,15),(87,4,58,16),(88,4,61,17),(104,5,50,2),(105,5,50,3),(106,5,95,4),(107,5,53,5),(108,5,54,6),(109,5,53,7),(110,5,53,8),(111,5,55,9),(112,5,57,10),(113,5,58,11),(114,5,62,13),(115,5,60,14),(116,5,60,15),(117,5,58,16),(118,5,61,17),(119,6,49,2),(120,6,50,3),(121,6,95,4),(122,6,53,5),(123,6,54,6),(124,6,106,7),(125,6,53,8),(126,6,56,9),(127,6,57,10),(128,6,58,11),(129,6,62,13),(130,6,60,14),(131,6,60,15),(132,6,58,16),(133,6,61,17),(134,7,49,2),(135,7,50,3),(136,7,95,4),(137,7,53,5),(138,7,54,6),(139,7,106,7),(140,7,53,8),(141,7,56,9),(142,7,57,10),(143,7,58,11),(144,7,62,13),(145,7,60,14),(146,7,60,15),(147,7,58,16),(148,7,61,17),(149,9,85,2),(150,9,86,3),(151,9,86,4),(152,9,87,5),(153,9,90,6),(154,9,91,7),(155,9,55,8),(156,9,55,9),(157,9,54,10),(158,9,58,11),(159,9,59,13),(160,9,60,14),(161,9,92,15),(162,9,58,16),(163,9,61,17),(164,10,85,2),(165,10,86,3),(166,10,86,4),(167,10,87,5),(168,10,90,6),(169,10,91,7),(170,10,91,8),(171,10,55,9),(172,10,54,10),(173,10,58,11),(174,10,59,13),(175,10,60,14),(176,10,92,15),(177,10,58,16),(178,10,61,17),(179,11,85,2),(180,11,86,3),(181,11,86,4),(182,11,87,5),(183,11,90,6),(184,11,60,7),(185,11,91,8),(186,11,55,9),(187,11,54,10),(188,11,58,11),(189,11,59,13),(190,11,60,14),(191,11,92,15),(192,11,58,16),(193,11,61,17),(194,8,85,18),(195,8,86,19),(196,8,87,20),(197,8,54,21),(198,8,54,22),(199,8,88,23),(200,8,88,108),(201,8,89,109),(202,8,89,110),(203,8,55,111),(204,8,58,16),(205,8,61,17),(206,12,85,18),(207,12,86,19),(208,12,87,20),(209,12,54,21),(210,12,54,22),(211,12,88,23),(212,12,91,24),(213,12,55,25),(214,12,58,16),(215,12,107,27),(216,12,87,28),(217,12,87,29),(218,12,88,30),(219,12,61,17),(220,13,85,18),(221,13,86,19),(222,13,87,20),(223,13,54,21),(224,13,54,31),(225,13,54,22),(226,13,93,32),(227,13,93,33),(228,13,88,23),(229,13,58,16),(230,13,88,30),(231,13,61,17),(233,14,85,34),(234,14,50,35),(235,14,86,36),(236,14,87,20),(237,14,54,6),(238,14,54,22),(239,14,88,68),(240,14,91,37),(241,14,58,16),(242,14,89,38),(243,14,62,41),(244,14,62,42),(245,14,62,43),(246,14,108,15),(247,14,61,17),(248,15,85,34),(249,15,50,35),(250,15,86,36),(251,15,87,66),(252,15,54,6),(253,15,54,31),(254,15,54,45),(255,15,54,46),(256,15,60,47),(257,15,91,48),(258,15,55,111),(259,15,88,50),(260,15,62,51),(261,15,62,42),(262,15,62,52),(263,15,88,53),(264,15,62,63),(265,15,61,17),(266,16,85,34),(267,16,50,35),(268,16,86,36),(269,16,87,66),(270,16,54,6),(271,16,54,22),(272,16,88,68),(273,16,91,37),(274,16,55,55),(275,16,55,58),(276,16,58,16),(277,16,89,38),(278,16,62,61),(279,16,61,17),(280,17,85,34),(281,17,50,35),(282,17,86,36),(283,17,87,66),(284,17,54,6),(285,17,54,31),(286,17,54,45),(287,17,54,46),(288,17,60,47),(289,17,91,48),(290,17,88,50),(291,17,61,17),(292,20,94,112),(293,21,94,112),(294,22,94,112),(295,20,50,113),(296,21,50,113),(297,22,50,113),(298,20,95,80),(299,21,95,80),(300,22,95,80),(301,20,96,1),(302,21,96,1),(303,22,96,1),(304,20,97,9),(305,21,97,9),(306,22,97,9),(307,20,58,16),(308,21,58,16),(309,22,58,16),(310,20,61,17),(311,21,61,17),(312,22,61,17),(313,23,98,112),(314,24,99,112),(315,25,100,112),(316,26,101,112),(317,27,102,112),(318,28,103,112),(319,29,104,112),(320,30,105,112),(321,23,106,6),(322,24,106,6),(323,25,106,6),(324,26,106,6),(325,27,106,6),(326,28,106,6),(327,29,54,6),(328,30,54,6),(329,23,50,113),(330,24,50,113),(331,25,50,113),(332,26,50,113),(333,27,50,113),(334,28,50,113),(335,29,50,113),(336,30,50,113),(337,23,95,80),(338,24,95,80),(339,25,95,80),(340,26,95,80),(341,27,95,80),(342,28,95,80),(343,29,95,80),(344,30,95,80),(345,23,96,1),(346,24,96,1),(347,25,96,1),(348,26,96,1),(349,27,96,1),(350,28,96,1),(351,29,96,1),(352,30,96,1),(353,23,97,9),(354,24,97,9),(355,25,97,9),(356,26,97,9),(357,27,97,9),(358,28,97,9),(359,29,97,9),(360,30,97,9),(361,23,58,16),(362,24,58,16),(363,25,58,16),(364,26,58,16),(365,27,58,16),(366,28,58,16),(367,29,58,16),(368,30,58,16),(369,23,106,114),(370,24,106,114),(371,25,106,114),(372,26,106,114),(373,27,106,114),(374,28,106,114),(375,29,106,114),(376,30,106,114),(377,23,61,17),(378,24,61,17),(379,25,61,17),(380,26,61,17),(381,27,61,17),(382,28,61,17),(383,29,61,17),(384,30,61,17),(385,18,85,64),(386,18,86,65),(387,18,87,66),(388,18,54,67),(389,18,90,31),(390,18,54,45),(391,18,54,46),(392,18,55,69),(393,18,55,111),(394,18,107,70),(395,18,87,29),(396,18,88,72),(397,18,87,63),(398,18,61,17),(399,19,85,64),(400,19,86,65),(401,19,87,66),(402,19,54,67),(403,19,54,45),(404,19,54,46),(405,19,93,73),(406,19,93,74),(407,19,88,75),(408,19,55,111),(409,19,88,72),(410,19,93,63),(411,19,61,17),(412,31,92,82),(413,31,90,83),(414,31,85,84),(415,31,86,85),(416,31,91,86),(417,31,88,87),(418,31,91,89),(419,31,87,90),(420,31,87,91),(421,31,61,17),(422,32,92,92),(423,32,90,93),(424,32,86,94),(425,32,88,95),(426,32,88,96),(427,32,88,97),(428,32,91,98),(429,32,91,99),(430,32,87,1),(431,32,87,91),(432,32,61,17),(433,33,92,100),(434,33,90,101),(435,33,92,102),(436,33,88,103),(437,33,108,63),(438,33,92,104),(439,33,85,105),(440,33,87,1),(441,33,88,106),(442,33,87,91),(443,33,61,17),(445,35,50,113),(446,35,95,80),(447,35,53,1),(448,35,106,6),(449,35,109,9),(450,35,58,16),(451,35,110,17),(452,36,50,113),(453,36,95,80),(454,36,53,1),(455,36,106,6),(456,36,109,9),(457,36,58,16),(458,36,110,17),(459,37,50,113),(460,37,95,80),(461,37,53,1),(462,37,106,6),(463,37,109,9),(464,37,58,16),(465,37,110,17),(466,38,50,113),(467,38,95,80),(468,38,53,1),(469,38,109,9),(470,38,58,16),(471,38,110,17),(472,50,49,2),(473,50,50,3),(474,50,95,4),(475,50,53,5),(476,50,54,6),(477,50,58,7),(478,50,55,8),(479,50,56,9),(480,50,57,10),(481,50,58,11),(482,50,2,12),(483,50,62,13),(484,50,60,14),(485,50,112,15),(486,50,58,16),(487,50,110,17),(488,51,49,2),(489,51,50,3),(490,51,95,4),(491,51,53,5),(492,51,54,6),(493,51,58,7),(494,51,55,8),(495,51,56,9),(496,51,57,10),(497,51,58,11),(498,51,2,12),(499,51,62,13),(500,51,60,14),(501,51,112,15),(502,51,58,16),(503,51,110,17),(504,52,49,2),(505,52,50,3),(506,52,95,4),(507,52,53,5),(508,52,54,6),(509,52,58,7),(510,52,53,8),(511,52,55,9),(512,52,57,10),(513,52,58,11),(514,52,2,12),(515,52,62,13),(516,52,60,14),(517,52,112,15),(518,52,58,16),(519,52,110,17),(520,53,49,2),(521,53,50,3),(522,53,95,4),(523,53,53,5),(524,53,54,6),(525,53,58,7),(526,53,55,8),(527,53,55,9),(528,53,57,10),(529,53,58,11),(530,53,2,12),(531,53,62,13),(532,53,60,14),(533,53,112,15),(534,53,58,16),(535,53,110,17),(536,54,49,2),(537,54,50,3),(538,54,95,4),(539,54,53,5),(540,54,54,6),(541,54,60,7),(542,54,53,8),(543,54,56,9),(544,54,57,10),(545,54,58,11),(546,54,2,12),(547,54,62,13),(548,54,60,14),(549,54,112,15),(550,54,58,16),(551,54,110,17),(552,55,49,2),(553,55,50,3),(554,55,95,4),(555,55,53,5),(556,55,54,6),(557,55,60,7),(558,55,53,8),(559,55,56,9),(560,55,57,10),(561,55,58,11),(562,55,2,12),(563,55,62,13),(564,55,60,14),(565,55,112,15),(566,55,58,16),(567,55,110,17),(568,56,85,18),(569,56,86,19),(570,56,87,44),(571,56,54,21),(572,56,54,22),(573,56,88,23),(574,56,88,108),(575,56,89,109),(576,56,89,110),(577,56,53,26),(578,56,55,111),(579,56,58,16),(580,56,57,75),(581,56,110,17),(582,57,85,64),(583,57,86,65),(584,57,87,66),(585,57,54,67),(586,57,53,31),(587,57,112,115),(588,57,54,45),(589,57,54,46),(590,57,53,8),(591,57,89,116),(592,57,89,117),(593,57,88,72),(594,57,110,17),(604,58,85,34),(605,58,50,35),(606,58,86,36),(607,58,87,5),(608,58,54,6),(609,58,54,22),(610,58,88,8),(611,58,91,37),(613,58,58,16),(614,58,88,30),(615,58,109,39),(616,58,109,40),(617,58,62,41),(618,58,62,42),(619,58,62,43),(620,58,112,15),(621,58,110,17),(622,59,85,34),(623,59,50,35),(624,59,86,36),(625,59,87,5),(626,59,56,54),(627,59,54,6),(628,59,54,22),(629,59,88,8),(630,59,91,37),(631,59,53,26),(632,59,55,55),(633,59,113,56),(634,59,56,57),(635,59,56,58),(636,59,113,59),(637,59,114,60),(638,59,58,16),(639,59,88,30),(640,59,109,39),(641,59,109,40),(642,59,62,61),(643,59,110,17),(644,60,85,34),(645,60,50,35),(646,60,86,36),(647,60,87,66),(648,60,54,6),(649,60,53,31),(650,60,54,45),(651,60,54,46),(652,60,60,47),(653,60,53,8),(654,60,91,48),(655,60,109,49),(656,60,55,110),(657,60,88,50),(658,60,109,107),(659,60,115,51),(660,60,115,42),(661,60,115,52),(662,60,112,53),(663,60,62,63),(664,60,110,17),(665,61,85,34),(666,61,50,35),(667,61,86,36),(668,61,87,66),(669,61,56,54),(670,61,54,6),(671,61,53,31),(672,61,54,45),(673,61,54,46),(674,61,60,47),(675,61,53,8),(676,61,91,48),(677,61,109,49),(678,61,56,62),(679,61,113,56),(680,61,56,57),(681,61,56,58),(682,61,113,50),(683,61,114,60),(684,61,88,50),(685,61,109,107),(686,61,2,63),(687,61,110,17),(688,58,53,26),(689,62,85,2),(690,62,86,3),(691,62,86,4),(692,62,87,5),(693,62,90,6),(694,62,91,7),(695,62,55,8),(696,62,55,9),(697,62,54,10),(698,62,58,11),(699,62,2,12),(700,62,116,13),(702,62,112,15),(703,62,58,16),(704,62,110,17),(705,63,85,2),(706,63,86,3),(707,63,86,4),(708,63,87,5),(709,63,90,6),(710,63,91,7),(711,63,55,8),(712,63,55,9),(713,63,54,10),(714,63,58,11),(715,63,2,12),(716,63,116,13),(717,63,60,14),(718,63,112,15),(719,63,58,16),(720,63,110,17),(721,64,85,2),(722,64,86,3),(723,64,86,4),(724,64,87,5),(725,64,90,6),(726,64,60,7),(727,64,55,8),(728,64,55,9),(729,64,54,10),(730,64,58,11),(731,64,2,12),(732,64,116,13),(733,64,60,14),(734,64,112,15),(735,64,58,16),(736,64,110,17),(737,65,112,82),(738,65,90,83),(739,65,85,84),(740,65,86,85),(741,65,91,86),(742,65,88,87),(743,65,91,88),(744,65,91,89),(745,65,87,90),(746,65,87,91),(747,65,110,17),(748,66,112,92),(749,66,90,93),(750,66,86,94),(751,66,88,95),(752,66,88,96),(753,66,88,97),(754,66,91,98),(755,66,91,99),(756,66,87,1),(757,66,87,91),(758,66,110,17),(759,67,112,100),(760,67,112,102),(761,67,53,101),(762,67,88,103),(763,67,53,75),(764,67,108,63),(765,67,112,104),(766,67,85,105),(767,67,87,81),(768,67,88,106),(769,67,87,91),(770,67,110,17),(771,68,85,18),(772,68,86,19),(773,68,87,44),(774,68,54,21),(775,68,54,22),(776,68,88,23),(777,68,91,24),(778,68,55,25),(779,68,53,26),(780,68,58,16),(781,68,107,27),(782,68,87,28),(783,68,87,29),(784,68,88,38),(785,68,110,17),(786,69,85,64),(787,69,86,65),(788,69,87,118),(789,69,54,67),(790,69,53,31),(791,69,54,45),(792,69,54,46),(793,69,53,8),(794,69,55,69),(795,69,55,111),(796,69,107,70),(797,69,87,119),(798,69,88,72),(799,69,87,63),(800,69,110,17),(801,70,85,64),(802,70,86,65),(803,70,87,118),(804,70,54,67),(805,70,54,45),(806,70,54,46),(807,70,93,73),(808,70,93,74),(809,70,53,68),(810,70,88,75),(811,70,55,111),(812,70,88,72),(813,70,93,63),(814,70,110,17);
/*!40000 ALTER TABLE `Periodos_docentes` ENABLE KEYS */;
UNLOCK TABLES;

--
-- Table structure for table `Tareas`
--

DROP TABLE IF EXISTS `Tareas`;
/*!40101 SET @saved_cs_client     = @@character_set_client */;
/*!40101 SET character_set_client = utf8 */;
CREATE TABLE `Tareas` (
  `idTarea` int(11) NOT NULL AUTO_INCREMENT,
  `nombreTarea` varchar(75) DEFAULT NULL,
  `fechaasignacionTarea` date DEFAULT NULL,
  `fechaentregaTarea` date DEFAULT NULL,
  `descripcionTarea` varchar(500) DEFAULT NULL,
  `Periodos_docentes_id_periodos_docentes` int(11) NOT NULL,
  `Unidad` int(11) DEFAULT NULL,
  PRIMARY KEY (`idTarea`),
  KEY `fk_Tareas_Periodos_docentes1_idx` (`Periodos_docentes_id_periodos_docentes`),
  CONSTRAINT `fk_Tareas_Periodos_docentes1` FOREIGN KEY (`Periodos_docentes_id_periodos_docentes`) REFERENCES `Periodos_docentes` (`id_periodos_docentes`) ON DELETE NO ACTION ON UPDATE NO ACTION
) ENGINE=InnoDB AUTO_INCREMENT=107 DEFAULT CHARSET=utf8;
/*!40101 SET character_set_client = @saved_cs_client */;

--
-- Dumping data for table `Tareas`
--

LOCK TABLES `Tareas` WRITE;
/*!40000 ALTER TABLE `Tareas` DISABLE KEYS */;
INSERT INTO `Tareas` VALUES (90,'Historia del arte','2016-03-01','2016-03-17','Gotico, Latinoamericano y Contemporaneo',52,1),(91,'Investigacon sobre El uso de B y V','2016-03-01','2016-03-04','Realizar la investigación sobre el tema en el cuaderno, incluyendo ejemplos y ejercicios',154,1),(92,'Sistema Operativo','2016-03-01','2016-03-02','realizar un resumen y graficas',152,1),(93,'que es PHP','2016-03-01','2016-03-14','Que es php',52,2),(94,'dispositivos e/s','2016-03-01','2016-03-10','traer figuras',152,2),(95,'dispositivos de almacenamiento','2016-03-01','2016-04-15','investigacion y resumen',152,2),(96,'Sistema circulatorio','2016-03-01','2016-03-14','Investigar en el cuaderno',154,2),(97,'Sistema Digestivo','2016-03-01','2016-03-20','Investigar en el cuaderno',154,2),(98,'La Dramatizacion.','2016-03-03','2016-03-04','Realizar una maqueta de personas trabajando.',3,1),(99,'La Poesia','2016-03-03','2016-03-06','En grupo de 3 personas, organizarse para realizar una Obra en clase.',3,1),(100,'Hola Mundo','2016-03-03','2016-03-04','Esta tarea es para visualizar el hola mundo del sistema. ',4,1),(101,'La Familia Peluche','2016-03-03','2016-03-04','Realizar La tarea de la Familia',5,1),(102,'Java <br>','2016-03-04','2016-03-15','Es una herramienta poderosa<br>',3,2),(103,'Jquery','2016-03-04','2016-03-05','Complemento ideal para las aploiaciones web 2.0',3,2),(104,'La Musica','2016-03-11','2016-03-12','Componer una pista en violin..',562,2),(105,'Los animales','2016-04-01','2016-04-03','Realizar una maqueta de los animales.',482,2),(106,'Baile','2016-04-04','2016-04-05','Realizar una Danza.',514,2);
/*!40000 ALTER TABLE `Tareas` ENABLE KEYS */;
UNLOCK TABLES;

--
-- Table structure for table `sisAdmin`
--

DROP TABLE IF EXISTS `sisAdmin`;
/*!40101 SET @saved_cs_client     = @@character_set_client */;
/*!40101 SET character_set_client = utf8 */;
CREATE TABLE `sisAdmin` (
  `idSysAdmin` int(11) NOT NULL AUTO_INCREMENT,
  `nombreAdmin` varchar(90) DEFAULT NULL,
  `passwordAdmin` varchar(125) DEFAULT NULL,
  PRIMARY KEY (`idSysAdmin`)
) ENGINE=InnoDB AUTO_INCREMENT=2 DEFAULT CHARSET=utf8;
/*!40101 SET character_set_client = @saved_cs_client */;

--
-- Dumping data for table `sisAdmin`
--

LOCK TABLES `sisAdmin` WRITE;
/*!40000 ALTER TABLE `sisAdmin` DISABLE KEYS */;
INSERT INTO `sisAdmin` VALUES (1,'Dorcas Boj','DorquitasBoj');
/*!40000 ALTER TABLE `sisAdmin` ENABLE KEYS */;
UNLOCK TABLES;
/*!40103 SET TIME_ZONE=@OLD_TIME_ZONE */;

/*!40101 SET SQL_MODE=@OLD_SQL_MODE */;
/*!40014 SET FOREIGN_KEY_CHECKS=@OLD_FOREIGN_KEY_CHECKS */;
/*!40014 SET UNIQUE_CHECKS=@OLD_UNIQUE_CHECKS */;
/*!40101 SET CHARACTER_SET_CLIENT=@OLD_CHARACTER_SET_CLIENT */;
/*!40101 SET CHARACTER_SET_RESULTS=@OLD_CHARACTER_SET_RESULTS */;
/*!40101 SET COLLATION_CONNECTION=@OLD_COLLATION_CONNECTION */;
/*!40111 SET SQL_NOTES=@OLD_SQL_NOTES */;

-- Dump completed on 2016-04-05 18:28:11
